{
    "parent": "minecraft:item/generated",
    "textures": {
        "layer0":"minecraft:item/cooked_beef"
    },
    "overrides":
    [
        {"predicate": {"custom_model_data": 1}, "model": "snacks/small_tochukaso"},
        {"predicate": {"custom_model_data": 2}, "model": "snacks/slowpoke_tail"},
        {"predicate": {"custom_model_data": 3}, "model": "snacks/roasted_slowpoke_tail"},
        {"predicate": {"custom_model_data": 4}, "model": "snacks/tropius_fruits"},
        {"predicate": {"custom_model_data": 5}, "model": "snacks/swirlix_fur"},
        {"predicate": {"custom_model_data": 6}, "model": "snacks/clauncher_claw"},
        {"predicate": {"custom_model_data": 7}, "model": "snacks/cooked_clauncher_claw"},
        {"predicate": {"custom_model_data": 8}, "model": "snacks/clawitzer_pincer"},
        {"predicate": {"custom_model_data": 9}, "model": "snacks/cooked_clawitzer_pincer"},
        {"predicate": {"custom_model_data": 10}, "model": "snacks/morelull_caps"},
        {"predicate": {"custom_model_data": 11}, "model": "snacks/crabrawler_pincer"},
        {"predicate": {"custom_model_data": 12}, "model": "snacks/cooked_crabrawler_pincer"},
        {"predicate": {"custom_model_data": 13}, "model": "snacks/crabominable_pincer"},
        {"predicate": {"custom_model_data": 14}, "model": "snacks/cooked_crabominable_pincer"},
        {"predicate": {"custom_model_data": 15}, "model": "snacks/alcremie_cream"},
        {"predicate": {"custom_model_data": 16}, "model": "snacks/applin_apple"},
        {"predicate": {"custom_model_data": 17}, "model": "snacks/appletun_skin"},
        {"predicate": {"custom_model_data": 18}, "model": "snacks/klawf_claw"},
        {"predicate": {"custom_model_data": 19}, "model": "snacks/cooked_klawf_claw"},
        {"predicate": {"custom_model_data": 20}, "model": "snacks/veluza_meat"},
        {"predicate": {"custom_model_data": 21}, "model": "snacks/cooked_veluza_meat"},
        {"predicate": {"custom_model_data": 22}, "model": "snacks/nacli_salt"},
        {"predicate": {"custom_model_data": 23}, "model": "snacks/smoliv_olive"},
        {"predicate": {"custom_model_data": 24}, "model": "snacks/dolliv_olive"},
        {"predicate": {"custom_model_data": 25}, "model": "snacks/arboliva_olive"},
        {"predicate": {"custom_model_data": 26}, "model": "snacks/toedscool_flap"},
        {"predicate": {"custom_model_data": 27}, "model": "snacks/joy_egg"},
        {"predicate": {"custom_model_data": 28}, "model": "snacks/bliss_egg"},
        {"predicate": {"custom_model_data": 29}, "model": "snacks/galarian_slowpoke_tail"},
        {"predicate": {"custom_model_data": 30}, "model": "snacks/roasted_galarian_slowpoke_tail"},
        {"predicate": {"custom_model_data": 31}, "model": "snacks/moist_dough"},
        {"predicate": {"custom_model_data": 32}, "model": "snacks/well_baked_bun"},
        {"predicate": {"custom_model_data": 33}, "model": "snacks/ribombee_pollen"},
        {"predicate": {"custom_model_data": 34}, "model": "snacks/pollen_puff"},
        {"predicate": {"custom_model_data": 35}, "model": "snacks/petilil_leaf"},
        {"predicate": {"custom_model_data": 36}, "model": "snacks/phantump_leaf"},
        {"predicate": {"custom_model_data": 37}, "model": "snacks/maractus_seeds"}
    ]
}
