{
    "parent": "minecraft:item/generated",
    "textures": {
        "layer0":"minecraft:item/phantom_membrane"
    },
    "overrides":
    [
        {"predicate": {"custom_model_data": 1}, "model": "snacks/fidough_yeast"},
        {"predicate": {"custom_model_data": 2}, "model": "snacks/maractus_flower"},
        {"predicate": {"custom_model_data": 3}, "model": "snacks/red_comfey_flower"},
        {"predicate": {"custom_model_data": 4}, "model": "snacks/white_comfey_flower"},
        {"predicate": {"custom_model_data": 5}, "model": "snacks/yellow_comfey_flower"},
        {"predicate": {"custom_model_data": 6}, "model": "snacks/pink_comfey_flower"},
        {"predicate": {"custom_model_data": 7}, "model": "snacks/cottonee_fluff"},
        {"predicate": {"custom_model_data": 8}, "model": "snacks/whimsicott_fluff"},
        {"predicate": {"custom_model_data": 9}, "model": "snacks/dried_petilil_leaf"},
        {"predicate": {"custom_model_data": 10}, "model": "snacks/dried_phantump_leaf"},
        {"predicate": {"custom_model_data": 11}, "model": "snacks/bitter_tea_bag"},
        {"predicate": {"custom_model_data": 12}, "model": "snacks/murky_tea_bag"}
    ]
}
