{
	"format_version": "1.12.0",
	"minecraft:geometry": [
		{
			"description": {
				"identifier": "geometry.avalugg",
				"texture_width": 512,
				"texture_height": 256,
				"visible_bounds_width": 9,
				"visible_bounds_height": 6,
				"visible_bounds_offset": [0, 2, 0]
			},
			"bones": [
				{
					"name": "avalugg",
					"pivot": [0, 0, 0]
				},
				{
					"name": "body",
					"parent": "avalugg",
					"pivot": [0, 5, 0]
				},
				{
					"name": "torso",
					"parent": "body",
					"pivot": [0, 5, 0],
					"cubes": [
						{"origin": [-25, 12, -29], "size": [50, 12, 18], "inflate": 0.01, "uv": [0, 143]},
						{"origin": [-20, 5, -26], "size": [40, 7, 24], "uv": [193, 51]},
						{"origin": [-27, 10, -27], "size": [54, 14, 54], "inflate": 0.02, "pivot": [0, 18, 0], "rotation": [0, -45, 0], "uv": [0, 0]},
						{"origin": [-20, 3, -20], "size": [40, 7, 40], "pivot": [0, 18, 0], "rotation": [0, -45, 0], "uv": [0, 68]},
						{"origin": [-19, 13, -1], "size": [38, 11, 38], "inflate": 0.01, "pivot": [0, 18, 18], "rotation": [0, -45, 0], "uv": [98, 137]},
						{"origin": [-9, 3, 18], "size": [18, 10, 13], "uv": [97, 233]},
						{"origin": [-15, 0, -22.1], "size": [30, 10, 41], "pivot": [0, 10, -3], "rotation": [5, 0, 0], "uv": [162, 0]},
						{"origin": [6, -4.5, -5], "size": [0, 0, 0], "pivot": [0, 0, 1], "rotation": [7.5, -45, -5], "uv": [24, 44]},
						{"origin": [3.5, -9.5, -2.5], "size": [0, 0, 0], "pivot": [0, 0, 1], "rotation": [7.5, -45, -5], "uv": [177, 107]},
						{"origin": [3, -5, -21], "size": [0, 0, 0], "pivot": [0, 0, -18], "rotation": [-15, -45, 10], "uv": [45, 230]},
						{"origin": [13, -6.5, -12], "size": [0, 0, 0], "pivot": [10, 0, -9], "rotation": [-5, -45, -5], "uv": [55, 204]},
						{"origin": [-7, -6.5, -12], "size": [0, 0, 0], "pivot": [-10, 0, -9], "rotation": [-5, -45, 5], "uv": [158, 88]},
						{"origin": [3, -4.5, 17], "size": [0, 0, 0], "pivot": [0, 3, 20], "rotation": [15, -45, -10], "uv": [187, 82]},
						{"origin": [13, -5.5, 8], "size": [0, 0, 0], "pivot": [10, 1, 11], "rotation": [5, -45, -5], "uv": [93, 230]},
						{"origin": [-7, -5.5, 8], "size": [0, 0, 0], "pivot": [-10, 1, 11], "rotation": [5, -45, 5], "uv": [158, 75]},
						{"origin": [-9.5, 16, 27], "size": [20, 8, 20], "pivot": [0, 18, 36.5], "rotation": [0, -45, 0], "uv": [0, 115]},
						{"origin": [-6, 8, 31], "size": [12, 5, 6], "uv": [0, 173]}
					]
				},
				{
					"name": "neck",
					"parent": "torso",
					"pivot": [0, 18, -29],
					"cubes": [
						{"origin": [-7, 13, -35], "size": [14, 10, 8], "uv": [99, 186]}
					]
				},
				{
					"name": "head",
					"parent": "neck",
					"pivot": [0, 18, -34],
					"cubes": [
						{"origin": [-13.5, 16, -40], "size": [27, 8, 7], "inflate": 0.01, "uv": [263, 0]},
						{"origin": [-63.6, 17, -27.1], "size": [19, 7, 19], "pivot": [0, 18, 36.5], "rotation": [0, -45, 0], "uv": [191, 82]}
					]
				},
				{
					"name": "eyes",
					"parent": "head",
					"pivot": [0, 20.5, -44.5]
				},
				{
					"name": "eye_left",
					"parent": "eyes",
					"pivot": [8.9, 20.5, -44.6],
					"rotation": [0, -45, 0],
					"cubes": [
						{"origin": [4.5, 18, -44.6], "size": [9, 5, 0], "uv": [180, 0]}
					]
				},
				{
					"name": "pupil_left",
					"parent": "eye_left",
					"pivot": [8.1, 20.4, -44.61],
					"cubes": [
						{"origin": [7.1, 19.4, -44.61], "size": [2, 2, 0], "uv": [198, 0]}
					]
				},
				{
					"name": "eyelid_left",
					"parent": "eye_left",
					"pivot": [9, 20.5, -44.01],
					"cubes": [
						{"origin": [4.5, 18, -44.51], "size": [9, 5, 1], "inflate": 0.01, "uv": [180, 10]}
					]
				},
				{
					"name": "eye_right",
					"parent": "eyes",
					"pivot": [-8.9, 20.5, -44.6],
					"rotation": [0, 45, 0],
					"cubes": [
						{"origin": [-13.5, 18, -44.6], "size": [9, 5, 0], "uv": [180, 5], "mirror": true}
					]
				},
				{
					"name": "pupil_right",
					"parent": "eye_right",
					"pivot": [-8.1, 20.4, -44.61],
					"cubes": [
						{"origin": [-9.1, 19.4, -44.61], "size": [2, 2, 0], "uv": [198, 2], "mirror": true}
					]
				},
				{
					"name": "eyelid_right",
					"parent": "eye_right",
					"pivot": [-9, 20.5, -44.01],
					"cubes": [
						{"origin": [-13.5, 18, -44.51], "size": [9, 5, 1], "inflate": 0.01, "uv": [180, 16], "mirror": true}
					]
				},
				{
					"name": "fang_right",
					"parent": "head",
					"pivot": [-13.5, 15, -36.5],
					"cubes": [
						{"origin": [-13.5, 3.5, -41], "size": [0, 20, 9], "pivot": [-13.5, 15, -38], "rotation": [0, 0, -20], "uv": [162, -9]}
					]
				},
				{
					"name": "fang_left",
					"parent": "fang_right",
					"pivot": [13.5, 15, -36.5],
					"cubes": [
						{"origin": [13.5, 3.5, -41], "size": [0, 20, 9], "pivot": [13.5, 15, -38], "rotation": [0, 0, 20], "uv": [162, 12]}
					]
				},
				{
					"name": "jaw",
					"parent": "head",
					"pivot": [0, 17, -36],
					"rotation": [-12.5, 0, 0],
					"cubes": [
						{"origin": [-10.5, 12, -40], "size": [21, 5, 7], "uv": [36, 173]}
					]
				},
				{
					"name": "jaw_spike",
					"parent": "jaw",
					"pivot": [0, 12, -35.5],
					"rotation": [10, 0, 0],
					"cubes": [
						{"origin": [0, 8.5, -37.5], "size": [0, 4, 4], "uv": [8, 8]}
					]
				},
				{
					"name": "jaw2",
					"parent": "jaw",
					"pivot": [0, 12, -40.05],
					"rotation": [-7.5, 0, 0],
					"cubes": [
						{"origin": [-8.5, 12.03916, -44.00257], "size": [17, 5, 4], "inflate": 0.01, "uv": [168, 91]}
					]
				},
				{
					"name": "jaw_spike2",
					"parent": "jaw2",
					"pivot": [0, 12.03916, -41.50257],
					"rotation": [20, 0, 0],
					"cubes": [
						{"origin": [0, 6.03916, -44.00257], "size": [0, 7, 5], "uv": [0, -5]}
					]
				},
				{
					"name": "jaw3",
					"parent": "jaw2",
					"pivot": [0, 12.03916, -44.00257],
					"cubes": [
						{"origin": [-6.7, 12.03916, -49.70257], "size": [12, 5, 12], "pivot": [0, 14.03916, -43.00257], "rotation": [0, -45, 0], "uv": [248, 84]}
					]
				},
				{
					"name": "jaw_spike3",
					"parent": "jaw3",
					"pivot": [0, 12.03916, -47.50257],
					"rotation": [25, 0, 0],
					"cubes": [
						{"origin": [0, 7.53916, -49.50257], "size": [0, 6, 4], "uv": [32, -1]}
					]
				},
				{
					"name": "legs",
					"parent": "body",
					"pivot": [0, 18, 0]
				},
				{
					"name": "leg_front_left",
					"parent": "legs",
					"pivot": [18, 10, -14.5]
				},
				{
					"name": "leg_front_left1",
					"parent": "leg_front_left",
					"pivot": [16.5, 10, -14.5],
					"cubes": [
						{"origin": [32.5, 4.5, -20], "size": [0, 0, 0], "pivot": [16.5, 10, -14.5], "rotation": [45, 0, 0], "uv": [189, 245]}
					]
				},
				{
					"name": "leg_front_left2",
					"parent": "leg_front_left1",
					"pivot": [32.5, 16.35, -14.5],
					"cubes": [
						{"origin": [36.5, 5.5, -19], "size": [0, 0, 0], "pivot": [34.5, 10, -14.5], "rotation": [45, 0, 0], "uv": [13, 95]}
					]
				},
				{
					"name": "leg_front_left3",
					"parent": "leg_front_left2",
					"pivot": [37.5, 16.35, -14.5],
					"cubes": [
						{"origin": [51.5, 3.5, -21], "size": [0, 0, 0], "pivot": [43.5, 10, -14.5], "rotation": [45, 0, 0], "uv": [84, 211]}
					]
				},
				{
					"name": "leg_front_left4",
					"parent": "leg_front_left3",
					"pivot": [49, 10, -14.5],
					"cubes": [
						{"origin": [55, 2, -22.5], "size": [0, 0, 0], "pivot": [47, 10, -14.5], "rotation": [45, 0, 0], "uv": [25, 240]}
					]
				},
				{
					"name": "claw_front_left",
					"parent": "leg_front_left4",
					"pivot": [55, 10, -14.5]
				},
				{
					"name": "claw_front1_left",
					"parent": "claw_front_left",
					"pivot": [55, 10, -22],
					"cubes": [
						{"origin": [59, 8.5, -22], "size": [0, 0, 0], "uv": [4, 10]}
					]
				},
				{
					"name": "claw_front_left2",
					"parent": "leg_front_left4",
					"pivot": [55, 10, -14.5],
					"rotation": [-60, 0, 0]
				},
				{
					"name": "claw_front1_left2",
					"parent": "claw_front_left2",
					"pivot": [55, 10, -22],
					"cubes": [
						{"origin": [59, 8.5, -22], "size": [0, 0, 0], "uv": [40, 41]}
					]
				},
				{
					"name": "claw_front_left3",
					"parent": "leg_front_left4",
					"pivot": [55, 10, -14.5],
					"rotation": [60, 0, 0]
				},
				{
					"name": "claw_front1_left3",
					"parent": "claw_front_left3",
					"pivot": [55, 10, -22],
					"cubes": [
						{"origin": [59, 8.5, -22], "size": [0, 0, 0], "uv": [40, 38]}
					]
				},
				{
					"name": "claw_front_left4",
					"parent": "leg_front_left4",
					"pivot": [55, 10, -14.5]
				},
				{
					"name": "claw_front1_left4",
					"parent": "claw_front_left4",
					"pivot": [55, 10, -7],
					"cubes": [
						{"origin": [59, 8.5, -7], "size": [0, 0, 0], "uv": [40, 35]}
					]
				},
				{
					"name": "leg_front_right",
					"parent": "legs",
					"pivot": [-18, 10, -14.5]
				},
				{
					"name": "leg_front_right1",
					"parent": "leg_front_right",
					"pivot": [-16.5, 10, -14.5],
					"cubes": [
						{"origin": [-13.5, 4.5, -20], "size": [0, 0, 0], "pivot": [-16.5, 10, -14.5], "rotation": [45, 0, 0], "uv": [110, 126]}
					]
				},
				{
					"name": "leg_front_right2",
					"parent": "leg_front_right1",
					"pivot": [-32.5, 16.35, -14.5],
					"cubes": [
						{"origin": [-32.5, 5.5, -19], "size": [0, 0, 0], "pivot": [-34.5, 10, -14.5], "rotation": [45, 0, 0], "uv": [133, 77]}
					]
				},
				{
					"name": "leg_front_right3",
					"parent": "leg_front_right2",
					"pivot": [-37.5, 16.35, -14.5],
					"cubes": [
						{"origin": [-36.5, 3.5, -21], "size": [0, 0, 0], "pivot": [-43.5, 10, -14.5], "rotation": [45, 0, 0], "uv": [140, 220]}
					]
				},
				{
					"name": "leg_front_right4",
					"parent": "leg_front_right3",
					"pivot": [-49, 10, -14.5],
					"cubes": [
						{"origin": [-47, 2, -22.5], "size": [0, 0, 0], "pivot": [-47, 10, -14.5], "rotation": [45, 0, 0], "uv": [179, 204]}
					]
				},
				{
					"name": "claw_front_right",
					"parent": "leg_front_right4",
					"pivot": [-55, 10, -14.5]
				},
				{
					"name": "claw_front1_right",
					"parent": "claw_front_right",
					"pivot": [-55, 10, -22],
					"cubes": [
						{"origin": [-55, 8.5, -22], "size": [0, 0, 0], "uv": [44, 6]}
					]
				},
				{
					"name": "claw_front_right2",
					"parent": "leg_front_right4",
					"pivot": [-55, 10, -14.5],
					"rotation": [-60, 0, 0]
				},
				{
					"name": "claw_front1_right2",
					"parent": "claw_front_right2",
					"pivot": [-55, 10, -22],
					"cubes": [
						{"origin": [-55, 8.5, -22], "size": [0, 0, 0], "uv": [44, 3]}
					]
				},
				{
					"name": "claw_front_right3",
					"parent": "leg_front_right4",
					"pivot": [-55, 10, -14.5],
					"rotation": [60, 0, 0]
				},
				{
					"name": "claw_front1_right3",
					"parent": "claw_front_right3",
					"pivot": [-55, 10, -22],
					"cubes": [
						{"origin": [-55, 8.5, -22], "size": [0, 0, 0], "uv": [4, 13]}
					]
				},
				{
					"name": "claw_front_right4",
					"parent": "leg_front_right4",
					"pivot": [-55, 10, -14.5]
				},
				{
					"name": "claw_front1_right4",
					"parent": "claw_front_right4",
					"pivot": [-55, 10, -7],
					"cubes": [
						{"origin": [-55, 8.5, -7], "size": [0, 0, 0], "uv": [44, 0]}
					]
				},
				{
					"name": "leg_back_left",
					"parent": "legs",
					"pivot": [12.5, 10, 21.5]
				},
				{
					"name": "leg_back_left1",
					"parent": "leg_back_left",
					"pivot": [11, 10, 21.5],
					"cubes": [
						{"origin": [27, 4.5, 16], "size": [0, 0, 0], "pivot": [11, 10, 21.5], "rotation": [45, 0, 0], "uv": [170, 126]}
					]
				},
				{
					"name": "leg_back_left2",
					"parent": "leg_back_left1",
					"pivot": [27, 16.35, 21.5],
					"cubes": [
						{"origin": [31, 5.5, 17], "size": [0, 0, 0], "pivot": [29, 10, 21.5], "rotation": [45, 0, 0], "uv": [133, 95]}
					]
				},
				{
					"name": "leg_back_left3",
					"parent": "leg_back_left2",
					"pivot": [32, 16.35, 21.5],
					"cubes": [
						{"origin": [46, 3.5, 15], "size": [0, 0, 0], "pivot": [38, 10, 21.5], "rotation": [45, 0, 0], "uv": [28, 211]}
					]
				},
				{
					"name": "leg_back_left4",
					"parent": "leg_back_left3",
					"pivot": [43.5, 10, 21.5],
					"cubes": [
						{"origin": [49.5, 2, 13.5], "size": [0, 0, 0], "pivot": [41.5, 10, 21.5], "rotation": [45, 0, 0], "uv": [73, 240]}
					]
				},
				{
					"name": "claw_back_left",
					"parent": "leg_back_left4",
					"pivot": [49.5, 10, 21.5]
				},
				{
					"name": "claw_back1_left",
					"parent": "claw_back_left",
					"pivot": [49.5, 10, 14],
					"cubes": [
						{"origin": [53.5, 8.5, 14], "size": [0, 0, 0], "uv": [40, 32]}
					]
				},
				{
					"name": "claw_back_left2",
					"parent": "leg_back_left4",
					"pivot": [49.5, 10, 21.5],
					"rotation": [-60, 0, 0]
				},
				{
					"name": "claw_back1_left2",
					"parent": "claw_back_left2",
					"pivot": [49.5, 10, 14],
					"cubes": [
						{"origin": [53.5, 8.5, 14], "size": [0, 0, 0], "uv": [4, 41]}
					]
				},
				{
					"name": "claw_back_left3",
					"parent": "leg_back_left4",
					"pivot": [49.5, 10, 21.5],
					"rotation": [60, 0, 0]
				},
				{
					"name": "claw_back1_left3",
					"parent": "claw_back_left3",
					"pivot": [49.5, 10, 14],
					"cubes": [
						{"origin": [53.5, 8.5, 14], "size": [0, 0, 0], "uv": [44, 9]}
					]
				},
				{
					"name": "claw_back_left4",
					"parent": "leg_back_left4",
					"pivot": [49.5, 10, 21.5]
				},
				{
					"name": "claw_back1_left4",
					"parent": "claw_back_left4",
					"pivot": [49.5, 10, 29],
					"cubes": [
						{"origin": [53.5, 8.5, 29], "size": [0, 0, 0], "uv": [44, 12]}
					]
				},
				{
					"name": "leg_back_right",
					"parent": "legs",
					"pivot": [-12.5, 10, 21.5]
				},
				{
					"name": "leg_back_right1",
					"parent": "leg_back_right",
					"pivot": [-11, 10, 21.5],
					"cubes": [
						{"origin": [-8, 4.5, 16], "size": [0, 0, 0], "pivot": [-11, 10, 21.5], "rotation": [45, 0, 0], "uv": [293, 27]}
					]
				},
				{
					"name": "leg_back_right2",
					"parent": "leg_back_right1",
					"pivot": [-27, 16.35, 21.5],
					"cubes": [
						{"origin": [-27, 5.5, 17], "size": [0, 0, 0], "pivot": [-29, 10, 21.5], "rotation": [45, 0, 0], "uv": [13, 77]}
					]
				},
				{
					"name": "leg_back_right3",
					"parent": "leg_back_right2",
					"pivot": [-32, 16.35, 21.5],
					"cubes": [
						{"origin": [-31, 3.5, 15], "size": [0, 0, 0], "pivot": [-38, 10, 21.5], "rotation": [45, 0, 0], "uv": [218, 220]}
					]
				},
				{
					"name": "leg_back_right4",
					"parent": "leg_back_right3",
					"pivot": [-43.5, 10, 21.5],
					"cubes": [
						{"origin": [-41.5, 2, 13.5], "size": [0, 0, 0], "pivot": [-41.5, 10, 21.5], "rotation": [45, 0, 0], "uv": [24, 16]}
					]
				},
				{
					"name": "claw_back_right",
					"parent": "leg_back_right4",
					"pivot": [-49.5, 10, 21.5]
				},
				{
					"name": "claw_back1_right",
					"parent": "claw_back_right",
					"pivot": [-49.5, 10, 14],
					"cubes": [
						{"origin": [-49.5, 8.5, 14], "size": [0, 0, 0], "uv": [4, 38]}
					]
				},
				{
					"name": "claw_back_right2",
					"parent": "leg_back_right4",
					"pivot": [-49.5, 10, 21.5],
					"rotation": [-60, 0, 0]
				},
				{
					"name": "claw_back1_right2",
					"parent": "claw_back_right2",
					"pivot": [-49.5, 10, 14],
					"cubes": [
						{"origin": [-49.5, 8.5, 14], "size": [0, 0, 0], "uv": [4, 35]}
					]
				},
				{
					"name": "claw_back_right3",
					"parent": "leg_back_right4",
					"pivot": [-49.5, 10, 21.5],
					"rotation": [60, 0, 0]
				},
				{
					"name": "claw_back1_right3",
					"parent": "claw_back_right3",
					"pivot": [-49.5, 10, 14],
					"cubes": [
						{"origin": [-49.5, 8.5, 14], "size": [0, 0, 0], "uv": [36, 0]}
					]
				},
				{
					"name": "claw_back_right4",
					"parent": "leg_back_right4",
					"pivot": [-49.5, 10, 21.5]
				},
				{
					"name": "claw_back1_right4",
					"parent": "claw_back_right4",
					"pivot": [-49.5, 10, 29],
					"cubes": [
						{"origin": [-49.5, 8.5, 29], "size": [0, 0, 0], "uv": [4, 32]}
					]
				}
			]
		}
	]
}