{
	"format_version": "1.12.0",
	"minecraft:geometry": [
		{
			"description": {
				"identifier": "geometry.gigalith",
				"texture_width": 128,
				"texture_height": 128,
				"visible_bounds_width": 4,
				"visible_bounds_height": 3.5,
				"visible_bounds_offset": [0, 1.25, 0]
			},
			"bones": [
				{
					"name": "gigalith",
					"pivot": [0, 0, 0]
				},
				{
					"name": "body",
					"parent": "gigalith",
					"pivot": [0, 9.5, 0]
				},
				{
					"name": "torso",
					"parent": "body",
					"pivot": [0, 3.5, 3],
					"cubes": [
						{"origin": [-4.5, 9.5, -4.5], "size": [9, 6, 9], "pivot": [0, 9.5, 0], "rotation": [0, -45, 0], "uv": [0, 31]},
						{"origin": [-6, 3.5, -6], "size": [12, 6, 12], "pivot": [0, 9.5, 0], "rotation": [0, -45, 0], "uv": [0, 0]},
						{"origin": [-5, 0.5, -5], "size": [10, 3, 10], "pivot": [0, 9.5, 0], "rotation": [0, -45, 0], "uv": [0, 18]}
					]
				},
				{
					"name": "spike_front",
					"parent": "torso",
					"pivot": [0, 7.5, -7],
					"rotation": [50, 0, 0],
					"cubes": [
						{"origin": [-0.5, 6, -10], "size": [1, 8, 7], "uv": [32, 78]},
						{"origin": [0, 14, -9], "size": [0, 8, 5], "uv": [0, 77]}
					]
				},
				{
					"name": "spike_back_top",
					"parent": "torso",
					"pivot": [0, 13.5, 3.5],
					"rotation": [-25, 0, 0],
					"cubes": [
						{"origin": [-0.5, 12, 0.5], "size": [1, 9, 6], "uv": [48, 78]},
						{"origin": [0, 21, 0.5], "size": [0, 9, 5], "uv": [0, 13]}
					]
				},
				{
					"name": "spike_back_bottom",
					"parent": "torso",
					"pivot": [0, 6.5, 6.5],
					"rotation": [-45, 0, 0],
					"cubes": [
						{"origin": [-0.5, 5, 4], "size": [1, 7, 5], "uv": [0, 0]},
						{"origin": [0, 12, 4], "size": [0, 7, 4], "uv": [0, 27]}
					]
				},
				{
					"name": "neck",
					"parent": "torso",
					"pivot": [0, 15.5, -6],
					"rotation": [35, 0, 0],
					"cubes": [
						{"origin": [0, 8.5, -6], "size": [7, 7, 7], "pivot": [0, 15.5, -6], "rotation": [0, -45, 0], "uv": [51, 53]}
					]
				},
				{
					"name": "head",
					"parent": "torso",
					"pivot": [0, 19.5, 0.5],
					"cubes": [
						{"origin": [-3, 19.5, -3.5], "size": [6, 2, 5], "uv": [65, 0]},
						{"origin": [-2, 20.5, -7], "size": [4, 1, 4], "uv": [30, 73]}
					]
				},
				{
					"name": "fang_left",
					"parent": "head",
					"pivot": [-1.5, 22, -5.5],
					"rotation": [60, 30, 0],
					"cubes": [
						{"origin": [-1.5, 21, -8.5], "size": [0, 2, 3], "uv": [27, 35]}
					]
				},
				{
					"name": "fang_right",
					"parent": "head",
					"pivot": [1.5, 22, -5.5],
					"rotation": [60, -30, 0],
					"cubes": [
						{"origin": [1.5, 21, -8.5], "size": [0, 2, 3], "uv": [0, 35]}
					]
				},
				{
					"name": "head_upper",
					"parent": "head",
					"pivot": [0, 21.5, -0.5],
					"cubes": [
						{"origin": [-3.5, 21.5, -4], "size": [7, 5, 6], "uv": [46, 67]},
						{"origin": [-2, 21.5, -8], "size": [4, 4, 4], "uv": [72, 52]},
						{"origin": [0, 20, -10], "size": [0, 14, 10], "uv": [38, 36]}
					]
				},
				{
					"name": "eye_left",
					"parent": "head_upper",
					"pivot": [-2, 24, -5],
					"cubes": [
						{"origin": [-2.015, 23.5, -5.5], "size": [0, 1, 1], "uv": [0, 0]}
					]
				},
				{
					"name": "eye_right",
					"parent": "head_upper",
					"pivot": [2, 24, -5],
					"cubes": [
						{"origin": [2.015, 23.5, -5.5], "size": [0, 1, 1], "uv": [0, 1]}
					]
				},
				{
					"name": "horn_left",
					"parent": "head_upper",
					"pivot": [-3.5, 23.5, -1.1],
					"rotation": [-10, 0, 0],
					"cubes": [
						{"origin": [-4.5, 22, -2.6], "size": [1, 3, 3], "uv": [30, 22]},
						{"origin": [-4, 25, -2.6], "size": [0, 4, 3], "uv": [0, 48]},
						{"origin": [-4, 19, -2.6], "size": [0, 3, 3], "uv": [36, 3]}
					]
				},
				{
					"name": "horn_right",
					"parent": "head_upper",
					"pivot": [3.5, 23.5, -1.1],
					"rotation": [-10, 0, 0],
					"cubes": [
						{"origin": [3.5, 22, -2.6], "size": [1, 3, 3], "uv": [36, 0]},
						{"origin": [4, 25, -2.6], "size": [0, 4, 3], "uv": [29, 48]},
						{"origin": [4, 19, -2.6], "size": [0, 3, 3], "uv": [0, 55]}
					]
				},
				{
					"name": "leg_back_left",
					"parent": "body",
					"pivot": [3, 3.5, 3],
					"cubes": [
						{"origin": [4.5, 2, 2], "size": [0, 0, 0], "uv": [75, 78]}
					]
				},
				{
					"name": "leg_back2_left",
					"parent": "leg_back_left",
					"pivot": [3, 3.5, 10],
					"cubes": [
						{"origin": [8, -3, 9], "size": [0, 0, 0], "inflate": 0.01, "uv": [55, 9]}
					]
				},
				{
					"name": "leg_back3_left",
					"parent": "leg_back2_left",
					"pivot": [3, -1, 14],
					"rotation": [10, 0, 0],
					"cubes": [
						{"origin": [6.5, -1, 10.5], "size": [0, 0, 0], "uv": [73, 18]}
					]
				},
				{
					"name": "leg_back4_left",
					"parent": "leg_back3_left",
					"pivot": [3, 5, 14.5],
					"cubes": [
						{"origin": [5, 5, 11.5], "size": [0, 0, 0], "pivot": [3, 5, 14.5], "rotation": [10, 0, 0], "uv": [17, 88]}
					]
				},
				{
					"name": "legspike_back_left",
					"parent": "leg_back3_left",
					"pivot": [3, 5, 14.5],
					"rotation": [45, 0, 0],
					"cubes": [
						{"origin": [3.5, 2.5, 14.5], "size": [0, 0, 0], "uv": [87, 13]},
						{"origin": [3, 3.5, 20.5], "size": [0, 0, 0], "uv": [37, 18]}
					]
				},
				{
					"name": "toe_back_left",
					"parent": "leg_back2_left",
					"pivot": [3, -2, 18],
					"cubes": [
						{"origin": [4.5, -3, 16.5], "size": [0, 0, 0], "pivot": [3, -2, 18], "rotation": [0, 45, 0], "uv": [80, 10]}
					]
				},
				{
					"name": "toe_back_left2",
					"parent": "toe_back_left",
					"pivot": [3, -1, 20],
					"rotation": [10, 0, 0],
					"cubes": [
						{"origin": [5, -1, 18], "size": [0, 0, 0], "pivot": [3, -1, 20], "rotation": [0, 45, 0], "uv": [4, 48]}
					]
				},
				{
					"name": "leg_back_right",
					"parent": "body",
					"pivot": [-3, 3.5, 3],
					"cubes": [
						{"origin": [-1.5, 2, 2], "size": [0, 0, 0], "uv": [77, 49]}
					]
				},
				{
					"name": "leg_back2_right",
					"parent": "leg_back_right",
					"pivot": [-3, 3.5, 10],
					"cubes": [
						{"origin": [2, -3, 9], "size": [0, 0, 0], "inflate": 0.01, "uv": [50, 31]}
					]
				},
				{
					"name": "leg_back3_right",
					"parent": "leg_back2_right",
					"pivot": [-3, -1, 14],
					"rotation": [10, 0, 0],
					"cubes": [
						{"origin": [0.5, -1, 10.5], "size": [0, 0, 0], "uv": [13, 64]}
					]
				},
				{
					"name": "leg_back4_right",
					"parent": "leg_back3_right",
					"pivot": [-3, 5, 14.5],
					"cubes": [
						{"origin": [-1, 5, 11.5], "size": [0, 0, 0], "pivot": [-3, 5, 14.5], "rotation": [10, 0, 0], "uv": [87, 43]}
					]
				},
				{
					"name": "legspike_back_right",
					"parent": "leg_back3_right",
					"pivot": [-3, 5, 14.5],
					"rotation": [45, 0, 0],
					"cubes": [
						{"origin": [-2.5, 2.5, 14.5], "size": [0, 0, 0], "uv": [85, 67]},
						{"origin": [-3, 3.5, 20.5], "size": [0, 0, 0], "uv": [34, 34]}
					]
				},
				{
					"name": "toe_back_right",
					"parent": "leg_back2_right",
					"pivot": [-3, -2, 18],
					"cubes": [
						{"origin": [-1.5, -3, 16.5], "size": [0, 0, 0], "pivot": [-3, -2, 18], "rotation": [0, -45, 0], "uv": [26, 61]}
					]
				},
				{
					"name": "toe_back_right2",
					"parent": "toe_back_right",
					"pivot": [-3, -1, 20],
					"rotation": [10, 0, 0],
					"cubes": [
						{"origin": [-3, -1, 18], "size": [0, 0, 0], "pivot": [-3, -1, 20], "rotation": [0, -45, 0], "uv": [40, 40]}
					]
				},
				{
					"name": "leg_front_left",
					"parent": "body",
					"pivot": [3, 3.5, -3],
					"cubes": [
						{"origin": [4.5, 2, -11], "size": [0, 0, 0], "uv": [27, 82]}
					]
				},
				{
					"name": "leg_front2_left",
					"parent": "leg_front_left",
					"pivot": [3, 3.5, -10],
					"cubes": [
						{"origin": [8, -3, -18], "size": [0, 0, 0], "inflate": 0.01, "uv": [19, 55]}
					]
				},
				{
					"name": "leg_front3_left",
					"parent": "leg_front2_left",
					"pivot": [3, -1, -14],
					"rotation": [-10, 0, 0],
					"cubes": [
						{"origin": [6.5, -1, -16.5], "size": [0, 0, 0], "uv": [78, 34]}
					]
				},
				{
					"name": "leg_front4_left",
					"parent": "leg_front3_left",
					"pivot": [3, 5, -14.5],
					"cubes": [
						{"origin": [5, 5, -14.5], "size": [0, 0, 0], "pivot": [3, 5, -14.5], "rotation": [-10, 0, 0], "uv": [93, 60]}
					]
				},
				{
					"name": "legspike_front_left",
					"parent": "leg_front3_left",
					"pivot": [3, 5, -14.5],
					"rotation": [-45, 0, 0],
					"cubes": [
						{"origin": [3.5, 2.5, -20.5], "size": [0, 0, 0], "uv": [88, 81]},
						{"origin": [3, 3.5, -27.5], "size": [0, 0, 0], "uv": [55, 12]}
					]
				},
				{
					"name": "toe_front_left",
					"parent": "leg_front2_left",
					"pivot": [3, -2, -18],
					"cubes": [
						{"origin": [4.5, -3, -19.5], "size": [0, 0, 0], "pivot": [3, -2, -18], "rotation": [0, -45, 0], "uv": [88, 3]}
					]
				},
				{
					"name": "toe_front_left2",
					"parent": "toe_front_left",
					"pivot": [3, -1, -20],
					"rotation": [-10, 0, 0],
					"cubes": [
						{"origin": [5, -1, -20], "size": [0, 0, 0], "pivot": [3, -1, -20], "rotation": [0, -45, 0], "uv": [64, 26]}
					]
				},
				{
					"name": "leg_front_right",
					"parent": "body",
					"pivot": [-3, 3.5, -3],
					"cubes": [
						{"origin": [-1.5, 2, -11], "size": [0, 0, 0], "uv": [12, 79]}
					]
				},
				{
					"name": "leg_front2_right",
					"parent": "leg_front_right",
					"pivot": [-3, 3.5, -10],
					"cubes": [
						{"origin": [2, -3, -18], "size": [0, 0, 0], "inflate": 0.01, "uv": [55, 43]}
					]
				},
				{
					"name": "leg_front3_right",
					"parent": "leg_front2_right",
					"pivot": [-3, -1, -14],
					"rotation": [-10, 0, 0],
					"cubes": [
						{"origin": [0.5, -1, -16.5], "size": [0, 0, 0], "uv": [39, 67]}
					]
				},
				{
					"name": "leg_front4_right",
					"parent": "leg_front3_right",
					"pivot": [-3, 5, -14.5],
					"cubes": [
						{"origin": [-1, 5, -14.5], "size": [0, 0, 0], "pivot": [-3, 5, -14.5], "rotation": [-10, 0, 0], "uv": [92, 24]}
					]
				},
				{
					"name": "legspike_front_right",
					"parent": "leg_front3_right",
					"pivot": [-3, 5, -14.5],
					"rotation": [-45, 0, 0],
					"cubes": [
						{"origin": [-2.5, 2.5, -20.5], "size": [0, 0, 0], "uv": [69, 87]},
						{"origin": [-3, 3.5, -27.5], "size": [0, 0, 0], "uv": [51, 18]}
					]
				},
				{
					"name": "toe_front_right",
					"parent": "leg_front2_right",
					"pivot": [-3, -2, -18],
					"cubes": [
						{"origin": [-1.5, -3, -19.5], "size": [0, 0, 0], "pivot": [-3, -2, -18], "rotation": [0, 45, 0], "uv": [47, 81]}
					]
				},
				{
					"name": "toe_front_right2",
					"parent": "toe_front_right",
					"pivot": [-3, -1, -20],
					"rotation": [-10, 0, 0],
					"cubes": [
						{"origin": [-3, -1, -20], "size": [0, 0, 0], "pivot": [-3, -1, -20], "rotation": [0, 45, 0], "uv": [33, 48]}
					]
				}
			]
		}
	]
}