{
	"format_version": "1.12.0",
	"minecraft:geometry": [
		{
			"description": {
				"identifier": "geometry.timburr",
				"texture_width": 128,
				"texture_height": 64,
				"visible_bounds_width": 4,
				"visible_bounds_height": 3.5,
				"visible_bounds_offset": [0, 1.25, 0]
			},
			"bones": [
				{
					"name": "timburr",
					"pivot": [0, 0, 0]
				},
				{
					"name": "body",
					"parent": "timburr",
					"pivot": [0, 11, 0]
				},
				{
					"name": "torso",
					"parent": "body",
					"pivot": [0, 1.5, 0],
					"cubes": [
						{"origin": [-4, 1.5, -2.5], "size": [8, 5, 5], "uv": [18, 20]}
					]
				},
				{
					"name": "chest",
					"parent": "torso",
					"pivot": [0, 6.5, 1.8],
					"cubes": [
						{"origin": [-2.5, 6, -2.2], "size": [5, 8, 4], "uv": [0, 22]}
					]
				},
				{
					"name": "arms",
					"parent": "chest",
					"pivot": [0, 10.5, 0.3]
				},
				{
					"name": "shoulder_left",
					"parent": "arms",
					"pivot": [3.3, 10.5, -0.2],
					"cubes": [
						{"origin": [2.3, 8, -2.7], "size": [2, 5, 5], "uv": [40, 0]}
					]
				},
				{
					"name": "arm_left",
					"parent": "shoulder_left",
					"pivot": [4.3, 12, -0.2],
					"cubes": [
						{"origin": [4.3, 9, -1.7], "size": [4, 3, 3], "inflate": 0.01, "uv": [40, 10]}
					]
				},
				{
					"name": "arm_left2",
					"parent": "arm_left",
					"pivot": [8.3, 12, 1.3],
					"cubes": [
						{"origin": [8.3, 10, -1.7], "size": [4, 2, 3], "uv": [52, 16]}
					]
				},
				{
					"name": "hand_left",
					"parent": "arm_left2",
					"pivot": [12.3, 12, -0.2],
					"cubes": [
						{"origin": [12.3, 11, -1.7], "size": [2, 1, 3], "inflate": 0.01, "uv": [53, 21]}
					]
				},
				{
					"name": "finger_back_left",
					"parent": "hand_left",
					"pivot": [14.3, 12, 0.3],
					"cubes": [
						{"origin": [14.3, 12, 0.3], "size": [2, 0, 1], "uv": [23, 30]}
					]
				},
				{
					"name": "finger_middle_left",
					"parent": "hand_left",
					"pivot": [14.3, 12, -0.2],
					"cubes": [
						{"origin": [14.3, 12, -0.7], "size": [2, 0, 1], "uv": [23, 31]}
					]
				},
				{
					"name": "finger_front_left",
					"parent": "hand_left",
					"pivot": [14.3, 12, -0.7],
					"cubes": [
						{"origin": [14.3, 12, -1.7], "size": [2, 0, 1], "uv": [23, 32]}
					]
				},
				{
					"name": "log_connected",
					"parent": "hand_left",
					"pivot": [15.3, 7, -0.7],
					"cubes": [
						{"origin": [18.3, 4, -13.7], "size": [0, 0, 0], "uv": [95, 58]}
					]
				},
				{
					"name": "shoulder_right",
					"parent": "arms",
					"pivot": [-3.3, 10.5, -0.2],
					"cubes": [
						{"origin": [-4.3, 8, -2.7], "size": [2, 5, 5], "uv": [54, 0], "mirror": true}
					]
				},
				{
					"name": "arm_right",
					"parent": "shoulder_right",
					"pivot": [-4.3, 12, -0.2],
					"cubes": [
						{"origin": [-8.3, 9, -1.7], "size": [4, 3, 3], "inflate": 0.01, "uv": [54, 10], "mirror": true}
					]
				},
				{
					"name": "arm_right2",
					"parent": "arm_right",
					"pivot": [-8.3, 12, 1.3],
					"cubes": [
						{"origin": [-12.3, 10, -1.7], "size": [4, 2, 3], "uv": [39, 20], "mirror": true}
					]
				},
				{
					"name": "hand_right",
					"parent": "arm_right2",
					"pivot": [-12.3, 12, -0.2],
					"cubes": [
						{"origin": [-14.3, 11, -1.7], "size": [2, 1, 3], "inflate": 0.01, "uv": [44, 25], "mirror": true}
					]
				},
				{
					"name": "finger_back_right",
					"parent": "hand_right",
					"pivot": [-14.3, 12, 0.3],
					"cubes": [
						{"origin": [-16.3, 12, 0.3], "size": [2, 0, 1], "uv": [27, 30], "mirror": true}
					]
				},
				{
					"name": "finger_middle_right",
					"parent": "hand_right",
					"pivot": [-14.3, 12, -0.2],
					"cubes": [
						{"origin": [-16.3, 12, -0.7], "size": [2, 0, 1], "uv": [27, 31], "mirror": true}
					]
				},
				{
					"name": "finger_front_right",
					"parent": "hand_right",
					"pivot": [-14.3, 12, -0.7],
					"cubes": [
						{"origin": [-16.3, 12, -1.7], "size": [2, 0, 1], "uv": [27, 32], "mirror": true}
					]
				},
				{
					"name": "head",
					"parent": "chest",
					"pivot": [0, 13, -0.2],
					"cubes": [
						{"origin": [-4, 13, -4.2], "size": [8, 8, 8], "uv": [0, 0]}
					]
				},
				{
					"name": "eyes",
					"parent": "head",
					"pivot": [0, 17, -3.71]
				},
				{
					"name": "eye_left",
					"parent": "eyes",
					"pivot": [3.01, 17, -3.71],
					"cubes": [
						{"origin": [2.01, 15, -4.21], "size": [2, 4, 1], "uv": [0, 0]}
					]
				},
				{
					"name": "pupil_left",
					"parent": "eye_left",
					"pivot": [3.01, 17.5, -3.71],
					"cubes": [
						{"origin": [2, 15.5, -4.22], "size": [2, 3, 0], "uv": [0, 5]}
					]
				},
				{
					"name": "pupil_left2",
					"parent": "pupil_left",
					"pivot": [3.01, 17.5, -3.71],
					"cubes": [
						{"origin": [2.25, 16.5, -4.23], "size": [1, 1, 0], "uv": [6, 0]}
					]
				},
				{
					"name": "eyelid_left",
					"parent": "eye_left",
					"pivot": [2.91, 17, -3.62],
					"cubes": [
						{"origin": [1.91, 15, -4.13], "size": [2, 4, 1], "inflate": 0.01, "uv": [49, 0]}
					]
				},
				{
					"name": "eye_right",
					"parent": "eyes",
					"pivot": [-3.01, 17, -3.71],
					"cubes": [
						{"origin": [-4.01, 15, -4.21], "size": [2, 4, 1], "uv": [24, 0], "mirror": true}
					]
				},
				{
					"name": "pupil_right",
					"parent": "eye_right",
					"pivot": [-3.01, 17.5, -3.71],
					"cubes": [
						{"origin": [-4, 15.5, -4.22], "size": [2, 3, 0], "uv": [4, 5], "mirror": true}
					]
				},
				{
					"name": "pupil_right2",
					"parent": "pupil_right",
					"pivot": [-3.01, 17.5, -3.71],
					"cubes": [
						{"origin": [-3.25, 16.5, -4.23], "size": [1, 1, 0], "uv": [6, 1], "mirror": true}
					]
				},
				{
					"name": "eyelid_right",
					"parent": "eye_right",
					"pivot": [-2.91, 17, -3.62],
					"cubes": [
						{"origin": [-3.91, 15, -4.13], "size": [2, 4, 1], "inflate": 0.01, "uv": [49, 0], "mirror": true}
					]
				},
				{
					"name": "mouth",
					"parent": "head",
					"pivot": [0, 13.75, -4.21]
				},
				{
					"name": "mouth_closed",
					"parent": "mouth",
					"pivot": [0, 13.75, -4.21],
					"cubes": [
						{"origin": [-1, 13.25, -4.22], "size": [2, 1, 0], "uv": [24, 5]},
						{"origin": [1, 13.5, -4.21], "size": [1, 1, 0], "uv": [28, 5]},
						{"origin": [-2, 13.5, -4.21], "size": [1, 1, 0], "uv": [30, 5], "mirror": true}
					]
				},
				{
					"name": "mouth_frown",
					"parent": "mouth",
					"pivot": [0, 13.95, -4.11],
					"rotation": [0, 0, -180],
					"cubes": [
						{"origin": [-1, 13.45, -4.12], "size": [2, 1, 0], "uv": [24, 5]},
						{"origin": [1, 13.7, -4.11], "size": [1, 1, 0], "uv": [28, 5]},
						{"origin": [-2, 13.7, -4.11], "size": [1, 1, 0], "uv": [30, 5], "mirror": true}
					]
				},
				{
					"name": "mouth_open",
					"parent": "mouth",
					"pivot": [0, 14, -4.12],
					"cubes": [
						{"origin": [-2, 13, -4.12], "size": [4, 2, 0], "uv": [24, 6]}
					]
				},
				{
					"name": "nose",
					"parent": "head",
					"pivot": [0, 15.5, -4.2],
					"rotation": [-10, 0, 0],
					"cubes": [
						{"origin": [-1, 14.5, -6.7], "size": [2, 2, 3], "uv": [13, 17]}
					]
				},
				{
					"name": "hair_front",
					"parent": "head",
					"pivot": [0, 21, 3.3],
					"rotation": [-15, 0, 0],
					"cubes": [
						{"origin": [-2, 17, -8.7], "size": [4, 4, 12], "uv": [20, 4]}
					]
				},
				{
					"name": "hair_back",
					"parent": "head",
					"pivot": [0, 13.5, 3.3]
				},
				{
					"name": "hair_back_left",
					"parent": "hair_back",
					"pivot": [0, 13.5, 3.3],
					"rotation": [0, 20, 0],
					"cubes": [
						{"origin": [0, 12, 3.3], "size": [0, 3, 6], "uv": [0, 10]}
					]
				},
				{
					"name": "hair_back_right",
					"parent": "hair_back",
					"pivot": [0, 13.5, 3.3],
					"rotation": [0, -20, 0],
					"cubes": [
						{"origin": [0, 12, 3.3], "size": [0, 3, 6], "uv": [0, 13], "mirror": true}
					]
				},
				{
					"name": "legs",
					"parent": "body",
					"pivot": [0, 5, 0]
				},
				{
					"name": "leg_left",
					"parent": "legs",
					"pivot": [3.5, 4.5, 0],
					"cubes": [
						{"origin": [2, 1, -2], "size": [3, 5, 4], "uv": [0, 34]}
					]
				},
				{
					"name": "foot_left",
					"parent": "leg_left",
					"pivot": [3.5, 1, 0],
					"cubes": [
						{"origin": [2.5, 0, -3], "size": [2, 1, 4], "uv": [0, 43]}
					]
				},
				{
					"name": "leg_right",
					"parent": "legs",
					"pivot": [-3.5, 4.5, 0],
					"cubes": [
						{"origin": [-5, 1, -2], "size": [3, 5, 4], "uv": [14, 30], "mirror": true}
					]
				},
				{
					"name": "foot_right",
					"parent": "leg_right",
					"pivot": [-3.5, 1, 0],
					"cubes": [
						{"origin": [-4.5, 0, -3], "size": [2, 1, 4], "uv": [10, 39], "mirror": true}
					]
				},
				{
					"name": "fbody",
					"parent": "timburr",
					"pivot": [0, 11, 0]
				},
				{
					"name": "ftorso",
					"parent": "fbody",
					"pivot": [0, 1.5, 0]
				},
				{
					"name": "fchest",
					"parent": "ftorso",
					"pivot": [0, 6.5, 1.8]
				},
				{
					"name": "farms",
					"parent": "fchest",
					"pivot": [0, 10.5, 0.3]
				},
				{
					"name": "fshoulder_left",
					"parent": "farms",
					"pivot": [3.3, 10.5, -0.2]
				},
				{
					"name": "farm_left",
					"parent": "fshoulder_left",
					"pivot": [4.3, 12, -0.2]
				},
				{
					"name": "farm_left2",
					"parent": "farm_left",
					"pivot": [8.3, 12, 1.3]
				},
				{
					"name": "fhand_left",
					"parent": "farm_left2",
					"pivot": [12.3, 12, -0.2]
				},
				{
					"name": "log_disconnected",
					"parent": "fhand_left",
					"pivot": [15.3, 7, -0.7],
					"cubes": [
						{"origin": [18.3, 4, -13.7], "size": [0, 0, 0], "uv": [95, 58]}
					]
				}
			]
		}
	]
}