{
  "implemented": true,
  "name": "Purugly",
  "nationalPokedexNumber": 432,
  "primaryType": "normal",
  "abilities": ["thickfat", "owntempo", "h:defiant"],
  "drops": {
    "amount": 1,
    "entries": [
      {
        "item": "cobblemon:cheri_berry",
        "percentage": 5
      }
    ]
  },
  "baseStats": {
    "hp": 71,
    "attack": 82,
    "defence": 64,
    "special_attack": 64,
    "special_defence": 59,
    "speed": 112
  },
  "catchRate": 75,
  "maleRatio": 0.25,
  "shoulderMountable": false,
  "baseExperienceYield": 158,
  "experienceGroup": "fast",
  "eggCycles": 20,
  "eggGroups": ["field"],
  "moves": [
    "1:fakeout",
    "1:growl",
    "1:scratch",
    "1:swagger",
    "13:hypnosis",
    "17:feintattack",
    "20:furyswipes",
    "25:charm",
    "29:assist",
    "32:captivate",
    "37:slash",
    "38:swagger",
    "45:bodyslam",
    "52:attract",
    "53:attract",
    "60:honeclaws",
    "tm:aerialace",
    "tm:attract",
    "tm:bulldoze",
    "tm:captivate",
    "tm:confide",
    "tm:cut",
    "tm:dig",
    "tm:doubleteam",
    "tm:dreameater",
    "tm:echoedvoice",
    "tm:endure",
    "tm:facade",
    "tm:flash",
    "tm:frustration",
    "tm:gigaimpact",
    "tm:hiddenpower",
    "tm:honeclaws",
    "tm:hyperbeam",
    "tm:irontail",
    "tm:naturalgift",
    "tm:payback",
    "tm:protect",
    "tm:psychup",
    "tm:raindance",
    "tm:rest",
    "tm:retaliate",
    "tm:return",
    "tm:roar",
    "tm:round",
    "tm:secretpower",
    "tm:shadowball",
    "tm:shadowclaw",
    "tm:shockwave",
    "tm:sleeptalk",
    "tm:snatch",
    "tm:substitute",
    "tm:sunnyday",
    "tm:swagger",
    "tm:taunt",
    "tm:thief",
    "tm:thunder",
    "tm:thunderbolt",
    "tm:torment",
    "tm:toxic",
    "tm:uturn",
    "tm:waterpulse",
    "tm:workup",
    "tutor:covet",
    "tutor:foulplay",
    "tutor:furycutter",
    "tutor:headbutt",
    "tutor:hypervoice",
    "tutor:irontail",
    "tutor:knockoff",
    "tutor:lastresort",
    "tutor:mudslap",
    "tutor:rollout",
    "tutor:shockwave",
    "tutor:sleeptalk",
    "tutor:snatch",
    "tutor:snore",
    "tutor:stompingtantrum",
    "tutor:suckerpunch",
    "tutor:superfang",
    "tutor:swift",
    "tutor:throatchop",
    "tutor:waterpulse"
  ],
  "labels": ["gen4"],
  "pokedex": ["cobblemon.species.purugly.desc"],
  "preEvolution": "glameow",
  "evolutions": [],
  "baseScale": 1,
  "hitbox": {
    "width": 1,
    "height": 1,
    "fixed": false
  },
  "baseFriendship": 70,
  "evYield": {
    "hp": 0,
    "attack": 0,
    "defence": 0,
    "special_attack": 0,
    "special_defence": 0,
    "speed": 2
  },
  "height": 10,
  "weight": 438,
  "aspects": [],
  "cannotDynamax": false
}
