{
    "implemented": true,
    "name": "Stunky",
    "nationalPokedexNumber": 434,
    "primaryType": "poison",
    "secondaryType": "dark",
    "abilities": [
      "stench",
      "aftermath",
      "h:keeneye"
    ],
    "drops": {
      "amount": 1,
      "entries": [
        {
          "item": "cobblemon:pecha_berry",
          "percentage": 2.5
        }
      ]
    },
    "baseStats": {
      "hp": 63,
      "attack": 63,
      "defence": 47,
      "special_attack": 41,
      "special_defence": 41,
      "speed": 74
    },
    "catchRate": 225,
    "maleRatio": 0.5,
    "shoulderMountable": false,
    "baseExperienceYield": 66,
    "experienceGroup": "medium_fast",
    "eggCycles": 20,
    "eggGroups": [
      "field"
    ],
    "moves": [
      "1:focusenergy",
      "1:poisongas",
      "1:scratch",
      "3:feint",
      "3:poisongas",
      "4:poisongas",
      "6:smokescreen",
      "7:screech",
      "9:acidspray",
      "9:furyswipes",
      "10:furyswipes",
      "12:furyswipes",
      "13:smokescreen",
      "14:smokescreen",
      "15:feint",
      "15:focusenergy",
      "18:bite",
      "18:feint",
      "19:acidspray",
      "20:toxic",
      "21:bite",
      "21:venoshock",
      "22:slash",
      "24:screech",
      "25:slash",
      "27:toxic",
      "30:suckerpunch",
      "31:nightslash",
      "32:acidspray",
      "33:memento",
      "36:nightslash",
      "37:memento",
      "37:nightslash",
      "37:venomdrench",
      "39:belch",
      "39:suckerpunch",
      "42:explosion",
      "42:venomdrench",
      "43:belch",
      "43:memento",
      "44:explosion",
      "45:explosion",
      "46:belch",
      "49:explosion",
      "egg:astonish",
      "egg:crunch",
      "egg:doubleedge",
      "egg:flameburst",
      "egg:foulplay",
      "egg:haze",
      "egg:irontail",
      "egg:leer",
      "egg:playrough",
      "egg:punishment",
      "egg:pursuit",
      "egg:scaryface",
      "egg:slash",
      "egg:smog",
      "tm:acidspray",
      "tm:assurance",
      "tm:attract",
      "tm:bodyslam",
      "tm:captivate",
      "tm:confide",
      "tm:crunch",
      "tm:cut",
      "tm:darkpulse",
      "tm:defog",
      "tm:dig",
      "tm:doubleedge",
      "tm:doubleteam",
      "tm:endure",
      "tm:explosion",
      "tm:facade",
      "tm:fireblast",
      "tm:flamethrower",
      "tm:focusenergy",
      "tm:foulplay",
      "tm:frustration",
      "tm:gunkshot",
      "tm:haze",
      "tm:helpinghand",
      "tm:hex",
      "tm:hiddenpower",
      "tm:honeclaws",
      "tm:incinerate",
      "tm:irontail",
      "tm:knockoff",
      "tm:lashout",
      "tm:nastyplot",
      "tm:naturalgift",
      "tm:payback",
      "tm:playrough",
      "tm:poisonjab",
      "tm:poisontail",
      "tm:protect",
      "tm:raindance",
      "tm:rest",
      "tm:return",
      "tm:roar",
      "tm:rocksmash",
      "tm:round",
      "tm:scaryface",
      "tm:screech",
      "tm:secretpower",
      "tm:shadowball",
      "tm:shadowclaw",
      "tm:sleeptalk",
      "tm:sludgebomb",
      "tm:sludgewave",
      "tm:snarl",
      "tm:snatch",
      "tm:snore",
      "tm:substitute",
      "tm:sunnyday",
      "tm:swagger",
      "tm:swift",
      "tm:tailslap",
      "tm:takedown",
      "tm:taunt",
      "tm:temperflare",
      "tm:terablast",
      "tm:thief",
      "tm:throatchop",
      "tm:torment",
      "tm:toxic",
      "tm:toxicspikes",
      "tm:trailblaze",
      "tm:venomdrench",
      "tm:venoshock",
      "tutor:corrosivegas",
      "tutor:darkpulse",
      "tutor:defog",
      "tutor:foulplay",
      "tutor:furycutter",
      "tutor:headbutt",
      "tutor:irontail",
      "tutor:lashout",
      "tutor:mudslap",
      "tutor:screech",
      "tutor:sleeptalk",
      "tutor:snatch",
      "tutor:snore",
      "tutor:suckerpunch",
      "tutor:swift",
      "tutor:throatchop"
    ],
    "labels": [
      "gen4"
    ],
    "pokedex": [
      "cobblemon.species.stunky.desc"
    ],
    "evolutions": [
      {
        "id": "stunky_skuntank",
        "variant": "level_up",
        "result": "skuntank",
        "consumeHeldItem": false,
        "learnableMoves": [
          "flamethrower"
        ],
        "requirements": [
          {
            "variant": "level",
            "minLevel": 34
          }
        ]
      }
    ],
    "baseScale": 1,
    "hitbox": {
      "width": 1,
      "height": 1,
      "fixed": false
    },
    "baseFriendship": 50,
    "evYield": {
      "hp": 0,
      "attack": 0,
      "defence": 0,
      "special_attack": 0,
      "special_defence": 0,
      "speed": 1
    },
    "height": 4,
    "weight": 192,
    "aspects": [],
    "cannotDynamax": false
  }
  