{
  "implemented": true,
  "name": "Great Tusk",
  "nationalPokedexNumber": 984,
  "primaryType": "ground",
  "secondaryType": "fighting",
  "abilities": [
    "protosynthesis"
  ],
  "baseStats": {
    "hp": 115,
    "attack": 131,
    "defence": 131,
    "special_attack": 53,
    "special_defence": 53,
    "speed": 87
  },
  "catchRate": 30,
  "maleRatio": -1,
  "baseExperienceYield": 285,
  "baseFriendship": 0,
  "evYield": {
    "hp": 0,
    "attack": 3,
    "defence": 0,
    "special_attack": 0,
    "special_defence": 0,
    "speed": 0
  },
  "experienceGroup": "slow",
  "eggCycles": 50,
  "eggGroups": [
    "undiscovered"
  ],
  "moves": [
    "1:defensecurl",
    "1:hornattack",
    "1:rollout",
    "1:sunnyday",
    "7:bulldoze",
    "14:taunt",
    "21:rapidspin",
    "28:brickbreak",
    "35:stompingtantrum",
    "42:knockoff",
    "49:earthquake",
    "56:gigaimpact",
    "63:closecombat",
    "70:endeavor",
    "77:megahorn",
    "84:headsmash",
    "91:headlongrush",
    "100:bodypress",
    "100:bodyslam",
    "100:brickbreak",
    "100:bulkup",
    "100:bulldoze",
    "100:closecombat",
    "100:dig",
    "100:earthpower",
    "100:earthquake",
    "100:endure",
    "100:facade",
    "100:firefang",
    "100:flashcannon",
    "100:gigaimpact",
    "100:heavyslam",
    "100:hyperbeam",
    "100:icefang",
    "100:icespinner",
    "100:ironhead",
    "100:mudshot",
    "100:mudslap",
    "100:playrough",
    "100:protect",
    "100:psyshock",
    "100:rest",
    "100:reversal",
    "100:rockslide",
    "100:rocktomb",
    "100:sandstorm",
    "100:scaryface",
    "100:sleeptalk",
    "100:smartstrike",
    "100:stealthrock",
    "100:stompingtantrum",
    "100:stoneedge",
    "100:substitute",
    "100:sunnyday",
    "100:takedown",
    "100:taunt",
    "100:terablast",
    "100:thunderfang",
    "100:zenheadbutt",
    "100:brickbreak",
    "100:earthquake",
    "100:gigaimpact",
    "100:knockoff",
    "100:rapidspin",
    "100:stompingtantrum"
  ],
  "labels": [
    "gen9",
    "paradox"
  ],
  "aspects": [],
  "height": 22,
  "weight": 3200,
  "evolutions": [],
  "cannotDynamax": false,
  "pokedex": [
    "cobblemon.species.greattusk.desc"
  ]
}