{
    "implemented": true,
    "name": "Medicham",
    "nationalPokedexNumber": 308,
    "primaryType": "fighting",
    "secondaryType": "psychic",
    "abilities": [
      "purepower",
      "h:telepathy"
    ],
    "baseStats": {
      "hp": 60,
      "attack": 60,
      "defence": 75,
      "special_attack": 60,
      "special_defence": 75,
      "speed": 80
    },
    "catchRate": 90,
    "maleRatio": 0.5,
    "shoulderMountable": false,
    "forms": [
      {
        "name": "Mega",
        "primaryType": "fighting",
        "secondaryType": "psychic",
        "abilities": [
          "purepower"
        ],
        "baseStats": {
          "hp": 60,
          "attack": 100,
          "defence": 85,
          "special_attack": 80,
          "special_defence": 85,
          "speed": 100
        },
        "catchRate": 90,
        "maleRatio": 0.5,
        "baseExperienceYield": 144,
        "baseFriendship": 70,
        "evYield": {
          "hp": 0,
          "attack": 0,
          "defence": 0,
          "special_attack": 0,
          "special_defence": 0,
          "speed": 2
        },
        "experienceGroup": "medium_fast",
        "eggCycles": 20,
        "eggGroups": [
          "human_like"
        ],
        "labels": [
          "gen6",
          "mega"
        ],
        "aspects": [
          "mega"
        ],
        "height": 13,
        "weight": 315,
        "cannotDynamax": false,
        "battleOnly": true
      }
    ],
    "baseExperienceYield": 144,
    "experienceGroup": "medium_fast",
    "eggCycles": 20,
    "eggGroups": [
      "human_like"
    ],
    "moves": [
      "1:bide",
      "1:confusion",
      "1:detect",
      "1:firepunch",
      "1:icepunch",
      "1:meditate",
      "1:thunderpunch",
      "1:workup",
      "12:endure",
      "15:feint",
      "17:forcepalm",
      "20:hiddenpower",
      "20:psybeam",
      "20:swagger",
      "23:calmmind",
      "25:mindreader",
      "25:zenheadbutt",
      "28:highjumpkick",
      "31:psychup",
      "33:acupressure",
      "36:powertrick",
      "42:reversal",
      "47:recover",
      "53:axekick",
      "53:counter",
      "tm:aerialace",
      "tm:attract",
      "tm:aurasphere",
      "tm:batonpass",
      "tm:bodyslam",
      "tm:brickbreak",
      "tm:bulkup",
      "tm:calmmind",
      "tm:captivate",
      "tm:closecombat",
      "tm:confide",
      "tm:doubleteam",
      "tm:drainpunch",
      "tm:dreameater",
      "tm:endure",
      "tm:energyball",
      "tm:expandingforce",
      "tm:facade",
      "tm:firepunch",
      "tm:flash",
      "tm:fling",
      "tm:focusblast",
      "tm:focuspunch",
      "tm:frustration",
      "tm:gigaimpact",
      "tm:grassknot",
      "tm:gravity",
      "tm:helpinghand",
      "tm:hiddenpower",
      "tm:hyperbeam",
      "tm:icepunch",
      "tm:imprison",
      "tm:lightscreen",
      "tm:lowkick",
      "tm:lowsweep",
      "tm:metronome",
      "tm:naturalgift",
      "tm:nightshade",
      "tm:painsplit",
      "tm:poisonjab",
      "tm:poweruppunch",
      "tm:protect",
      "tm:psybeam",
      "tm:psychic",
      "tm:psychicterrain",
      "tm:psychup",
      "tm:psyshock",
      "tm:raindance",
      "tm:recycle",
      "tm:reflect",
      "tm:rest",
      "tm:retaliate",
      "tm:return",
      "tm:reversal",
      "tm:rockslide",
      "tm:rocksmash",
      "tm:rocktomb",
      "tm:round",
      "tm:secretpower",
      "tm:shadowball",
      "tm:skillswap",
      "tm:sleeptalk",
      "tm:storedpower",
      "tm:strength",
      "tm:substitute",
      "tm:sunnyday",
      "tm:swagger",
      "tm:swift",
      "tm:takedown",
      "tm:taunt",
      "tm:telekinesis",
      "tm:terablast",
      "tm:thief",
      "tm:thunderpunch",
      "tm:toxic",
      "tm:trailblaze",
      "tm:trick",
      "tm:trickroom",
      "tm:upperhand",
      "tm:vacuumwave",
      "tm:workup",
      "tm:zenheadbutt",
      "tutor:bodyslam",
      "tutor:counter",
      "tutor:doubleedge",
      "tutor:drainpunch",
      "tutor:dreameater",
      "tutor:dynamicpunch",
      "tutor:endure",
      "tutor:firepunch",
      "tutor:focuspunch",
      "tutor:gravity",
      "tutor:headbutt",
      "tutor:helpinghand",
      "tutor:icepunch",
      "tutor:laserfocus",
      "tutor:lowkick",
      "tutor:magiccoat",
      "tutor:megakick",
      "tutor:megapunch",
      "tutor:metronome",
      "tutor:mimic",
      "tutor:mudslap",
      "tutor:painsplit",
      "tutor:psychup",
      "tutor:recycle",
      "tutor:rockslide",
      "tutor:roleplay",
      "tutor:seismictoss",
      "tutor:signalbeam",
      "tutor:sleeptalk",
      "tutor:snore",
      "tutor:substitute",
      "tutor:swagger",
      "tutor:swift",
      "tutor:telekinesis",
      "tutor:thunderpunch",
      "tutor:trick",
      "tutor:vacuumwave",
      "tutor:zenheadbutt"
    ],
    "labels": [
      "gen3"
    ],
    "pokedex": [
      "cobblemon.species.medicham.desc"
    ],
    "preEvolution": "meditite",
    "evolutions": [],
    "baseScale": 1,
    "hitbox": {
        "width": 1,
        "height": 1.6,
        "fixed": false
      },
    "baseFriendship": 70,
    "evYield": {
      "hp": 0,
      "attack": 0,
      "defence": 0,
      "special_attack": 0,
      "special_defence": 0,
      "speed": 2
    },
    "height": 13,
    "weight": 315,
    "aspects": [],
    "cannotDynamax": false,
    "drops": {
      "amount": 3,
      "entries": [
        {
          "item": "cobblemon:wise_glasses",
          "percentage": 5.0
        },
        {
          "item": "cobblemon:black_belt",
          "percentage": 5.0
        },
        {
          "item": "cobblemon:nanab_berry",
          "percentage": 5.0
        }
      ]
    }
  }
  