{
  "species": "cobblemon:conkeldurr",
  "order": 1,
  "variations": [
    {
      "aspects": ["sheared"],
      "model": "cobblemon:conkeldurr_shorn.geo",
      "layers": [
        {
          "name": "chin",
          "texture": "cobblemon:textures/pokemon/overlay/conkeldurr_chin.png"
        }
      ]
    },
    {
      "aspects": ["shiny", "sheared"],
      "layers": [
        {
          "name": "chin",
          "texture": "cobblemon:textures/pokemon/overlay/conkeldurr_shiny_chin.png"
        }
      ]
    }
  ]
}
