{
    "enabled": true,
    "neededInstalledMods": [],
    "neededUninstalledMods": [],
    "spawns": [
        {
            "id": "munna-1",
            "pokemon": "munna",
            "type": "pokemon",
            "context": "grounded",
            "bucket": "uncommon",
            "level": "10-25",
            "weight": 5.8,
            "condition": {
                "canSeeSky": true,
                "biomes": [
                    "#minecraft:is_overworld"
                ],
                "neededNearbyBlocks": [
                    "minecraft:white_bed",
                    "minecraft:orange_bed",
                    "minecraft:magenta_bed",
                    "minecraft:light_blue_bed",
                    "minecraft:yellow_bed",
                    "minecraft:lime_bed",
                    "minecraft:pink_bed",
                    "minecraft:gray_bed",
                    "minecraft:light_gray_bed",
                    "minecraft:cyan_bed",
                    "minecraft:purple_bed",
                    "minecraft:blue_bed",
                    "minecraft:brown_bed",
                    "minecraft:green_bed",
                    "minecraft:red_bed",
                    "minecraft:black_bed"
                ]
            }
        },
        {
            "id": "munna-2",
            "pokemon": "munna",
            "type": "pokemon",
            "context": "grounded",
            "bucket": "common",
            "level": "10-25",
            "weight": 5.8,
            "condition": {
                "biomes": [
                    "#minecraft:is_end"
                ],
                "neededNearbyBlocks": [
                    "minecraft:white_bed",
                    "minecraft:orange_bed",
                    "minecraft:magenta_bed",
                    "minecraft:light_blue_bed",
                    "minecraft:yellow_bed",
                    "minecraft:lime_bed",
                    "minecraft:pink_bed",
                    "minecraft:gray_bed",
                    "minecraft:light_gray_bed",
                    "minecraft:cyan_bed",
                    "minecraft:purple_bed",
                    "minecraft:blue_bed",
                    "minecraft:brown_bed",
                    "minecraft:green_bed",
                    "minecraft:red_bed",
                    "minecraft:black_bed"
                ]
            }
        }
    ]
}