{
	"credit": "Made with Blockbench",
	"texture_size": [64, 64],
	"textures": {
		"0": "block/custom/fragrant_flower_crown",
		"particle": "block/custom/fragrant_flower_crown"
	},
	"elements": [
		{
			"from": [1, 0, 1],
			"to": [15, 1, 1],
			"rotation": {"angle": 0, "axis": "y", "origin": [0, 0, 1]},
			"faces": {
				"north": {"uv": [0.25, 0, 3.75, 0.25], "texture": "#0"},
				"east": {"uv": [0.25, 0, 0.25, 0.25], "texture": "#0"},
				"south": {"uv": [3.75, 0, 7.25, 0.25], "texture": "#0"},
				"west": {"uv": [3.75, 0, 3.75, 0.25], "texture": "#0"},
				"up": {"uv": [3.75, 0, 0.25, 0], "texture": "#0"},
				"down": {"uv": [7.25, 0, 3.75, 0], "texture": "#0"}
			}
		},
		{
			"from": [1, 0, 15],
			"to": [15, 1, 15],
			"rotation": {"angle": 0, "axis": "y", "origin": [0, 0, 15]},
			"faces": {
				"north": {"uv": [0.25, 0.25, 3.75, 0.5], "texture": "#0"},
				"east": {"uv": [0.25, 0.25, 0.25, 0.5], "texture": "#0"},
				"south": {"uv": [3.75, 0.25, 7.25, 0.5], "texture": "#0"},
				"west": {"uv": [3.75, 0.25, 3.75, 0.5], "texture": "#0"},
				"up": {"uv": [3.75, 0.25, 0.25, 0.25], "texture": "#0"},
				"down": {"uv": [7.25, 0.25, 3.75, 0.25], "texture": "#0"}
			}
		},
		{
			"from": [15, 0, 1],
			"to": [15, 1, 15],
			"rotation": {"angle": 0, "axis": "y", "origin": [15, 0, 0]},
			"faces": {
				"north": {"uv": [12, 0.25, 12, 0.5], "texture": "#0"},
				"east": {"uv": [8.5, 0.25, 12, 0.5], "texture": "#0"},
				"south": {"uv": [15.5, 0.25, 15.5, 0.5], "texture": "#0"},
				"west": {"uv": [12, 0.25, 15.5, 0.5], "texture": "#0"},
				"up": {"uv": [12, 0.25, 12, -3.25], "texture": "#0"},
				"down": {"uv": [12, -3.25, 12, 0.25], "texture": "#0"}
			}
		},
		{
			"from": [1, 0, 1],
			"to": [1, 1, 15],
			"rotation": {"angle": 0, "axis": "y", "origin": [1, 0, 0]},
			"faces": {
				"north": {"uv": [12, 0.25, 12, 0.5], "texture": "#0"},
				"east": {"uv": [15.5, 0.25, 12, 0.5], "texture": "#0"},
				"south": {"uv": [15.5, 0.25, 15.5, 0.5], "texture": "#0"},
				"west": {"uv": [12, 0.25, 8.5, 0.5], "texture": "#0"},
				"up": {"uv": [12, 0.25, 12, -3.25], "texture": "#0"},
				"down": {"uv": [12, -3.25, 12, 0.25], "texture": "#0"}
			}
		},
		{
			"from": [14.5, -0.3, 0.89],
			"to": [15.5, 1.7, 0.89],
			"rotation": {"angle": -45, "axis": "y", "origin": [15, 0.7, 0.895]},
			"faces": {
				"north": {"uv": [2.25, 0.75, 2.5, 1.25], "texture": "#0"},
				"east": {"uv": [2.25, 0.75, 2.25, 1.25], "texture": "#0"},
				"south": {"uv": [2.5, 0.75, 2.75, 1.25], "texture": "#0"},
				"west": {"uv": [2.5, 0.75, 2.5, 1.25], "texture": "#0"},
				"up": {"uv": [2.5, 0.75, 2.25, 0.75], "texture": "#0"},
				"down": {"uv": [2.75, 0.75, 2.5, 0.75], "texture": "#0"}
			}
		},
		{
			"from": [14, 0.2, 0.89],
			"to": [16, 1.2, 0.89],
			"rotation": {"angle": -45, "axis": "y", "origin": [15, 0.7, 0.895]},
			"faces": {
				"north": {"uv": [3, 0.75, 3.5, 1], "texture": "#0"},
				"east": {"uv": [3, 0.75, 3, 1], "texture": "#0"},
				"south": {"uv": [3.5, 0.75, 4, 1], "texture": "#0"},
				"west": {"uv": [3.5, 0.75, 3.5, 1], "texture": "#0"},
				"up": {"uv": [3.5, 0.75, 3, 0.75], "texture": "#0"},
				"down": {"uv": [4, 0.75, 3.5, 0.75], "texture": "#0"}
			}
		},
		{
			"from": [13, -1.3, 0.9],
			"to": [17, 2.7, 0.9],
			"rotation": {"angle": -45, "axis": "y", "origin": [15, 0.7, 0.895]},
			"faces": {
				"north": {"uv": [0, 0.5, 1, 1.5], "texture": "#0"},
				"east": {"uv": [0, 0.5, 0, 1.5], "texture": "#0"},
				"south": {"uv": [1, 0.5, 2, 1.5], "texture": "#0"},
				"west": {"uv": [1, 0.5, 1, 1.5], "texture": "#0"},
				"up": {"uv": [1, 0.5, 0, 0.5], "texture": "#0"},
				"down": {"uv": [2, 0.5, 1, 0.5], "texture": "#0"}
			}
		},
		{
			"from": [14.5, -0.1, 15.11],
			"to": [15.5, 1.9, 15.11],
			"rotation": {"angle": 45, "axis": "y", "origin": [15, 0.9, 15.105]},
			"faces": {
				"north": {"uv": [2.25, 0.75, 2.5, 1.25], "texture": "#0"},
				"east": {"uv": [2.25, 0.75, 2.25, 1.25], "texture": "#0"},
				"south": {"uv": [2.5, 0.75, 2.75, 1.25], "texture": "#0"},
				"west": {"uv": [2.5, 0.75, 2.5, 1.25], "texture": "#0"},
				"up": {"uv": [2.5, 0.75, 2.25, 0.75], "texture": "#0"},
				"down": {"uv": [2.75, 0.75, 2.5, 0.75], "texture": "#0"}
			}
		},
		{
			"from": [14, 0.4, 15.11],
			"to": [16, 1.4, 15.11],
			"rotation": {"angle": 45, "axis": "y", "origin": [15, 0.9, 15.105]},
			"faces": {
				"north": {"uv": [3, 0.75, 3.5, 1], "texture": "#0"},
				"east": {"uv": [3, 0.75, 3, 1], "texture": "#0"},
				"south": {"uv": [3.5, 0.75, 4, 1], "texture": "#0"},
				"west": {"uv": [3.5, 0.75, 3.5, 1], "texture": "#0"},
				"up": {"uv": [3.5, 0.75, 3, 0.75], "texture": "#0"},
				"down": {"uv": [4, 0.75, 3.5, 0.75], "texture": "#0"}
			}
		},
		{
			"from": [13, -1.1, 15.1],
			"to": [17, 2.9, 15.1],
			"rotation": {"angle": 45, "axis": "y", "origin": [15, 0.9, 15.105]},
			"faces": {
				"north": {"uv": [0, 0.5, 1, 1.5], "texture": "#0"},
				"east": {"uv": [0, 0.5, 0, 1.5], "texture": "#0"},
				"south": {"uv": [1, 0.5, 2, 1.5], "texture": "#0"},
				"west": {"uv": [1, 0.5, 1, 1.5], "texture": "#0"},
				"up": {"uv": [1, 0.5, 0, 0.5], "texture": "#0"},
				"down": {"uv": [2, 0.5, 1, 0.5], "texture": "#0"}
			}
		},
		{
			"from": [0.5, -0.3, 1.04],
			"to": [1.5, 1.7, 1.04],
			"rotation": {"angle": 45, "axis": "y", "origin": [1, 0.7, 1.045]},
			"faces": {
				"north": {"uv": [2.25, 0.75, 2.5, 1.25], "texture": "#0"},
				"east": {"uv": [2.25, 0.75, 2.25, 1.25], "texture": "#0"},
				"south": {"uv": [2.5, 0.75, 2.75, 1.25], "texture": "#0"},
				"west": {"uv": [2.5, 0.75, 2.5, 1.25], "texture": "#0"},
				"up": {"uv": [2.5, 0.75, 2.25, 0.75], "texture": "#0"},
				"down": {"uv": [2.75, 0.75, 2.5, 0.75], "texture": "#0"}
			}
		},
		{
			"from": [0, 0.2, 1.04],
			"to": [2, 1.2, 1.04],
			"rotation": {"angle": 45, "axis": "y", "origin": [1, 0.7, 1.045]},
			"faces": {
				"north": {"uv": [3, 0.75, 3.5, 1], "texture": "#0"},
				"east": {"uv": [3, 0.75, 3, 1], "texture": "#0"},
				"south": {"uv": [3.5, 0.75, 4, 1], "texture": "#0"},
				"west": {"uv": [3.5, 0.75, 3.5, 1], "texture": "#0"},
				"up": {"uv": [3.5, 0.75, 3, 0.75], "texture": "#0"},
				"down": {"uv": [4, 0.75, 3.5, 0.75], "texture": "#0"}
			}
		},
		{
			"from": [-1, -1.3, 1.05],
			"to": [3, 2.7, 1.05],
			"rotation": {"angle": 45, "axis": "y", "origin": [1, 0.7, 1.045]},
			"faces": {
				"north": {"uv": [0, 0.5, 1, 1.5], "texture": "#0"},
				"east": {"uv": [0, 0.5, 0, 1.5], "texture": "#0"},
				"south": {"uv": [1, 0.5, 2, 1.5], "texture": "#0"},
				"west": {"uv": [1, 0.5, 1, 1.5], "texture": "#0"},
				"up": {"uv": [1, 0.5, 0, 0.5], "texture": "#0"},
				"down": {"uv": [2, 0.5, 1, 0.5], "texture": "#0"}
			}
		},
		{
			"from": [11.45, 0, 0.39],
			"to": [12.45, 2, 0.39],
			"rotation": {"angle": -22.5, "axis": "y", "origin": [11.95, 1, 0.395]},
			"faces": {
				"north": {"uv": [4.5, 1.5, 4.75, 2], "texture": "#0"},
				"east": {"uv": [4.5, 1.5, 4.5, 2], "texture": "#0"},
				"south": {"uv": [4.75, 1.5, 5, 2], "texture": "#0"},
				"west": {"uv": [4.75, 1.5, 4.75, 2], "texture": "#0"},
				"up": {"uv": [4.75, 1.5, 4.5, 1.5], "texture": "#0"},
				"down": {"uv": [5, 1.5, 4.75, 1.5], "texture": "#0"}
			}
		},
		{
			"from": [10.95, 0.5, 0.39],
			"to": [12.95, 1.5, 0.39],
			"rotation": {"angle": -22.5, "axis": "y", "origin": [11.95, 1, 0.395]},
			"faces": {
				"north": {"uv": [5.25, 1.5, 5.75, 1.75], "texture": "#0"},
				"east": {"uv": [5.25, 1.5, 5.25, 1.75], "texture": "#0"},
				"south": {"uv": [5.75, 1.5, 6.25, 1.75], "texture": "#0"},
				"west": {"uv": [5.75, 1.5, 5.75, 1.75], "texture": "#0"},
				"up": {"uv": [5.75, 1.5, 5.25, 1.5], "texture": "#0"},
				"down": {"uv": [6.25, 1.5, 5.75, 1.5], "texture": "#0"}
			}
		},
		{
			"from": [9.95, -1, 0.4],
			"to": [13.95, 3, 0.4],
			"rotation": {"angle": -22.5, "axis": "y", "origin": [11.95, 1, 0.395]},
			"faces": {
				"north": {"uv": [0, 2.5, 1, 3.5], "texture": "#0"},
				"east": {"uv": [0, 2.5, 0, 3.5], "texture": "#0"},
				"south": {"uv": [1, 2.5, 2, 3.5], "texture": "#0"},
				"west": {"uv": [1, 2.5, 1, 3.5], "texture": "#0"},
				"up": {"uv": [1, 2.5, 0, 2.5], "texture": "#0"},
				"down": {"uv": [2, 2.5, 1, 2.5], "texture": "#0"}
			}
		},
		{
			"from": [11.85, 0, 15.41],
			"to": [12.85, 2, 15.41],
			"rotation": {"angle": 22.5, "axis": "y", "origin": [12.35, 1, 15.405]},
			"faces": {
				"north": {"uv": [4.5, 1.5, 4.75, 2], "texture": "#0"},
				"east": {"uv": [4.5, 1.5, 4.5, 2], "texture": "#0"},
				"south": {"uv": [4.75, 1.5, 5, 2], "texture": "#0"},
				"west": {"uv": [4.75, 1.5, 4.75, 2], "texture": "#0"},
				"up": {"uv": [4.75, 1.5, 4.5, 1.5], "texture": "#0"},
				"down": {"uv": [5, 1.5, 4.75, 1.5], "texture": "#0"}
			}
		},
		{
			"from": [11.35, 0.5, 15.41],
			"to": [13.35, 1.5, 15.41],
			"rotation": {"angle": 22.5, "axis": "y", "origin": [12.35, 1, 15.405]},
			"faces": {
				"north": {"uv": [5.25, 1.5, 5.75, 1.75], "texture": "#0"},
				"east": {"uv": [5.25, 1.5, 5.25, 1.75], "texture": "#0"},
				"south": {"uv": [5.75, 1.5, 6.25, 1.75], "texture": "#0"},
				"west": {"uv": [5.75, 1.5, 5.75, 1.75], "texture": "#0"},
				"up": {"uv": [5.75, 1.5, 5.25, 1.5], "texture": "#0"},
				"down": {"uv": [6.25, 1.5, 5.75, 1.5], "texture": "#0"}
			}
		},
		{
			"from": [10.35, -1, 15.4],
			"to": [14.35, 3, 15.4],
			"rotation": {"angle": 22.5, "axis": "y", "origin": [12.35, 1, 15.405]},
			"faces": {
				"north": {"uv": [2, 1.5, 3, 2.5], "texture": "#0"},
				"east": {"uv": [2, 1.5, 2, 2.5], "texture": "#0"},
				"south": {"uv": [3, 1.5, 4, 2.5], "texture": "#0"},
				"west": {"uv": [3, 1.5, 3, 2.5], "texture": "#0"},
				"up": {"uv": [3, 1.5, 2, 1.5], "texture": "#0"},
				"down": {"uv": [4, 1.5, 3, 1.5], "texture": "#0"}
			}
		},
		{
			"from": [0.695, 0, 3.795],
			"to": [0.695, 2, 4.795],
			"rotation": {"angle": 0, "axis": "y", "origin": [0.7, 1, 4.295]},
			"faces": {
				"north": {"uv": [4.75, 1.5, 4.75, 2], "texture": "#0"},
				"east": {"uv": [4.5, 1.5, 4.75, 2], "texture": "#0"},
				"south": {"uv": [5, 1.5, 5, 2], "texture": "#0"},
				"west": {"uv": [4.75, 1.5, 5, 2], "texture": "#0"},
				"up": {"uv": [4.75, 1.5, 4.75, 1.25], "texture": "#0"},
				"down": {"uv": [4.75, 1.25, 4.75, 1.5], "texture": "#0"}
			}
		},
		{
			"from": [0.695, 0.5, 3.295],
			"to": [0.695, 1.5, 5.295],
			"rotation": {"angle": 0, "axis": "y", "origin": [0.7, 1, 4.295]},
			"faces": {
				"north": {"uv": [5.75, 1.5, 5.75, 1.75], "texture": "#0"},
				"east": {"uv": [5.25, 1.5, 5.75, 1.75], "texture": "#0"},
				"south": {"uv": [6.25, 1.5, 6.25, 1.75], "texture": "#0"},
				"west": {"uv": [5.75, 1.5, 6.25, 1.75], "texture": "#0"},
				"up": {"uv": [5.75, 1.5, 5.75, 1], "texture": "#0"},
				"down": {"uv": [5.75, 1, 5.75, 1.5], "texture": "#0"}
			}
		},
		{
			"from": [0.705, -1, 2.295],
			"to": [0.705, 3, 6.295],
			"rotation": {"angle": 0, "axis": "y", "origin": [0.7, 1, 4.295]},
			"faces": {
				"north": {"uv": [1, 6, 1, 7], "texture": "#0"},
				"east": {"uv": [0, 6, 1, 7], "texture": "#0"},
				"south": {"uv": [2, 6, 2, 7], "texture": "#0"},
				"west": {"uv": [1, 6, 2, 7], "texture": "#0"},
				"up": {"uv": [1, 6, 1, 5], "texture": "#0"},
				"down": {"uv": [1, 5, 1, 6], "texture": "#0"}
			}
		},
		{
			"from": [15.305, -0.9, 3.795],
			"to": [15.305, 1.1, 4.795],
			"rotation": {"angle": 0, "axis": "y", "origin": [15.3, 0.1, 4.295]},
			"faces": {
				"north": {"uv": [4.75, 1.5, 4.75, 2], "texture": "#0"},
				"east": {"uv": [5, 1.5, 4.75, 2], "texture": "#0"},
				"south": {"uv": [5, 1.5, 5, 2], "texture": "#0"},
				"west": {"uv": [4.75, 1.5, 4.5, 2], "texture": "#0"},
				"up": {"uv": [4.75, 1.5, 4.75, 1.25], "texture": "#0"},
				"down": {"uv": [4.75, 1.25, 4.75, 1.5], "texture": "#0"}
			}
		},
		{
			"from": [15.305, -0.4, 3.295],
			"to": [15.305, 0.6, 5.295],
			"rotation": {"angle": 0, "axis": "y", "origin": [15.3, 0.1, 4.295]},
			"faces": {
				"north": {"uv": [5.75, 1.5, 5.75, 1.75], "texture": "#0"},
				"east": {"uv": [6.25, 1.5, 5.75, 1.75], "texture": "#0"},
				"south": {"uv": [6.25, 1.5, 6.25, 1.75], "texture": "#0"},
				"west": {"uv": [5.75, 1.5, 5.25, 1.75], "texture": "#0"},
				"up": {"uv": [5.75, 1.5, 5.75, 1], "texture": "#0"},
				"down": {"uv": [5.75, 1, 5.75, 1.5], "texture": "#0"}
			}
		},
		{
			"from": [15.295, -1.9, 2.295],
			"to": [15.295, 2.1, 6.295],
			"rotation": {"angle": 0, "axis": "y", "origin": [15.3, 0.1, 4.295]},
			"faces": {
				"north": {"uv": [3, 4, 3, 5], "texture": "#0"},
				"east": {"uv": [4, 4, 3, 5], "texture": "#0"},
				"south": {"uv": [4, 4, 4, 5], "texture": "#0"},
				"west": {"uv": [3, 4, 2, 5], "texture": "#0"},
				"up": {"uv": [3, 4, 3, 3], "texture": "#0"},
				"down": {"uv": [3, 3, 3, 4], "texture": "#0"}
			}
		},
		{
			"from": [0.295, -0.3, 7.645],
			"to": [0.295, 1.7, 8.645],
			"rotation": {"angle": -22.5, "axis": "y", "origin": [0.3, 0.7, 8.145]},
			"faces": {
				"north": {"uv": [4.75, 0.75, 4.75, 1.25], "texture": "#0"},
				"east": {"uv": [4.5, 0.75, 4.75, 1.25], "texture": "#0"},
				"south": {"uv": [5, 0.75, 5, 1.25], "texture": "#0"},
				"west": {"uv": [4.75, 0.75, 5, 1.25], "texture": "#0"},
				"up": {"uv": [4.75, 0.75, 4.75, 0.5], "texture": "#0"},
				"down": {"uv": [4.75, 0.5, 4.75, 0.75], "texture": "#0"}
			}
		},
		{
			"from": [0.295, 0.2, 7.145],
			"to": [0.295, 1.2, 9.145],
			"rotation": {"angle": -22.5, "axis": "y", "origin": [0.3, 0.7, 8.145]},
			"faces": {
				"north": {"uv": [5.75, 0.75, 5.75, 1], "texture": "#0"},
				"east": {"uv": [5.25, 0.75, 5.75, 1], "texture": "#0"},
				"south": {"uv": [6.25, 0.75, 6.25, 1], "texture": "#0"},
				"west": {"uv": [5.75, 0.75, 6.25, 1], "texture": "#0"},
				"up": {"uv": [5.75, 0.75, 5.75, 0.25], "texture": "#0"},
				"down": {"uv": [5.75, 0.25, 5.75, 0.75], "texture": "#0"}
			}
		},
		{
			"from": [0.305, -1.3, 6.145],
			"to": [0.305, 2.7, 10.145],
			"rotation": {"angle": -22.5, "axis": "y", "origin": [0.3, 0.7, 8.145]},
			"faces": {
				"north": {"uv": [1, 5, 1, 6], "texture": "#0"},
				"east": {"uv": [0, 5, 1, 6], "texture": "#0"},
				"south": {"uv": [2, 5, 2, 6], "texture": "#0"},
				"west": {"uv": [1, 5, 2, 6], "texture": "#0"},
				"up": {"uv": [1, 5, 1, 4], "texture": "#0"},
				"down": {"uv": [1, 4, 1, 5], "texture": "#0"}
			}
		},
		{
			"from": [15.805, -0.5, 7.645],
			"to": [15.805, 1.5, 8.645],
			"rotation": {"angle": 22.5, "axis": "y", "origin": [15.8, 0.5, 8.145]},
			"faces": {
				"north": {"uv": [4.75, 0.75, 4.75, 1.25], "texture": "#0"},
				"east": {"uv": [5, 0.75, 4.75, 1.25], "texture": "#0"},
				"south": {"uv": [5, 0.75, 5, 1.25], "texture": "#0"},
				"west": {"uv": [4.75, 0.75, 4.5, 1.25], "texture": "#0"},
				"up": {"uv": [4.75, 0.75, 4.75, 0.5], "texture": "#0"},
				"down": {"uv": [4.75, 0.5, 4.75, 0.75], "texture": "#0"}
			}
		},
		{
			"from": [15.805, 0, 7.145],
			"to": [15.805, 1, 9.145],
			"rotation": {"angle": 22.5, "axis": "y", "origin": [15.8, 0.5, 8.145]},
			"faces": {
				"north": {"uv": [5.75, 0.75, 5.75, 1], "texture": "#0"},
				"east": {"uv": [6.25, 0.75, 5.75, 1], "texture": "#0"},
				"south": {"uv": [6.25, 0.75, 6.25, 1], "texture": "#0"},
				"west": {"uv": [5.75, 0.75, 5.25, 1], "texture": "#0"},
				"up": {"uv": [5.75, 0.75, 5.75, 0.25], "texture": "#0"},
				"down": {"uv": [5.75, 0.25, 5.75, 0.75], "texture": "#0"}
			}
		},
		{
			"from": [15.795, -1.5, 6.145],
			"to": [15.795, 2.5, 10.145],
			"rotation": {"angle": 22.5, "axis": "y", "origin": [15.8, 0.5, 8.145]},
			"faces": {
				"north": {"uv": [1, 5, 1, 6], "texture": "#0"},
				"east": {"uv": [2, 5, 1, 6], "texture": "#0"},
				"south": {"uv": [2, 5, 2, 6], "texture": "#0"},
				"west": {"uv": [1, 5, 0, 6], "texture": "#0"},
				"up": {"uv": [1, 5, 1, 4], "texture": "#0"},
				"down": {"uv": [1, 4, 1, 5], "texture": "#0"}
			}
		},
		{
			"from": [0.495, -0.3, 11.445],
			"to": [0.495, 1.7, 12.445],
			"rotation": {"angle": 0, "axis": "y", "origin": [0.5, 0.7, 11.945]},
			"faces": {
				"north": {"uv": [4.75, 2.25, 4.75, 2.75], "texture": "#0"},
				"east": {"uv": [4.5, 2.25, 4.75, 2.75], "texture": "#0"},
				"south": {"uv": [5, 2.25, 5, 2.75], "texture": "#0"},
				"west": {"uv": [4.75, 2.25, 5, 2.75], "texture": "#0"},
				"up": {"uv": [4.75, 2.25, 4.75, 2], "texture": "#0"},
				"down": {"uv": [4.75, 2, 4.75, 2.25], "texture": "#0"}
			}
		},
		{
			"from": [0.495, 0.2, 10.945],
			"to": [0.495, 1.2, 12.945],
			"rotation": {"angle": 0, "axis": "y", "origin": [0.5, 0.7, 11.945]},
			"faces": {
				"north": {"uv": [5.75, 2.25, 5.75, 2.5], "texture": "#0"},
				"east": {"uv": [5.25, 2.25, 5.75, 2.5], "texture": "#0"},
				"south": {"uv": [6.25, 2.25, 6.25, 2.5], "texture": "#0"},
				"west": {"uv": [5.75, 2.25, 6.25, 2.5], "texture": "#0"},
				"up": {"uv": [5.75, 2.25, 5.75, 1.75], "texture": "#0"},
				"down": {"uv": [5.75, 1.75, 5.75, 2.25], "texture": "#0"}
			}
		},
		{
			"from": [0.505, -1.3, 9.945],
			"to": [0.505, 2.7, 13.945],
			"rotation": {"angle": 0, "axis": "y", "origin": [0.5, 0.7, 11.945]},
			"faces": {
				"north": {"uv": [3, 4, 3, 5], "texture": "#0"},
				"east": {"uv": [2, 4, 3, 5], "texture": "#0"},
				"south": {"uv": [4, 4, 4, 5], "texture": "#0"},
				"west": {"uv": [3, 4, 4, 5], "texture": "#0"},
				"up": {"uv": [3, 4, 3, 3], "texture": "#0"},
				"down": {"uv": [3, 3, 3, 4], "texture": "#0"}
			}
		},
		{
			"from": [15.505, -1, 11.445],
			"to": [15.505, 1, 12.445],
			"rotation": {"angle": 0, "axis": "y", "origin": [15.5, 0, 11.945]},
			"faces": {
				"north": {"uv": [4.75, 2.25, 4.75, 2.75], "texture": "#0"},
				"east": {"uv": [5, 2.25, 4.75, 2.75], "texture": "#0"},
				"south": {"uv": [5, 2.25, 5, 2.75], "texture": "#0"},
				"west": {"uv": [4.75, 2.25, 4.5, 2.75], "texture": "#0"},
				"up": {"uv": [4.75, 2.25, 4.75, 2], "texture": "#0"},
				"down": {"uv": [4.75, 2, 4.75, 2.25], "texture": "#0"}
			}
		},
		{
			"from": [15.505, -0.5, 10.945],
			"to": [15.505, 0.5, 12.945],
			"rotation": {"angle": 0, "axis": "y", "origin": [15.5, 0, 11.945]},
			"faces": {
				"north": {"uv": [5.75, 2.25, 5.75, 2.5], "texture": "#0"},
				"east": {"uv": [6.25, 2.25, 5.75, 2.5], "texture": "#0"},
				"south": {"uv": [6.25, 2.25, 6.25, 2.5], "texture": "#0"},
				"west": {"uv": [5.75, 2.25, 5.25, 2.5], "texture": "#0"},
				"up": {"uv": [5.75, 2.25, 5.75, 1.75], "texture": "#0"},
				"down": {"uv": [5.75, 1.75, 5.75, 2.25], "texture": "#0"}
			}
		},
		{
			"from": [15.495, -2, 9.945],
			"to": [15.495, 2, 13.945],
			"rotation": {"angle": 0, "axis": "y", "origin": [15.5, 0, 11.945]},
			"faces": {
				"north": {"uv": [1, 6, 1, 7], "texture": "#0"},
				"east": {"uv": [2, 6, 1, 7], "texture": "#0"},
				"south": {"uv": [2, 6, 2, 7], "texture": "#0"},
				"west": {"uv": [1, 6, 0, 7], "texture": "#0"},
				"up": {"uv": [1, 6, 1, 5], "texture": "#0"},
				"down": {"uv": [1, 5, 1, 6], "texture": "#0"}
			}
		},
		{
			"from": [0.845, 0.1, 14.445],
			"to": [0.845, 2.1, 15.445],
			"rotation": {"angle": 45, "axis": "y", "origin": [0.85, 1.1, 14.945]},
			"faces": {
				"north": {"uv": [2.5, 0.75, 2.5, 1.25], "texture": "#0"},
				"east": {"uv": [2.25, 0.75, 2.5, 1.25], "texture": "#0"},
				"south": {"uv": [2.75, 0.75, 2.75, 1.25], "texture": "#0"},
				"west": {"uv": [2.5, 0.75, 2.75, 1.25], "texture": "#0"},
				"up": {"uv": [2.5, 0.75, 2.5, 0.5], "texture": "#0"},
				"down": {"uv": [2.5, 0.5, 2.5, 0.75], "texture": "#0"}
			}
		},
		{
			"from": [0.845, 0.6, 13.945],
			"to": [0.845, 1.6, 15.945],
			"rotation": {"angle": 45, "axis": "y", "origin": [0.85, 1.1, 14.945]},
			"faces": {
				"north": {"uv": [3.5, 0.75, 3.5, 1], "texture": "#0"},
				"east": {"uv": [3, 0.75, 3.5, 1], "texture": "#0"},
				"south": {"uv": [4, 0.75, 4, 1], "texture": "#0"},
				"west": {"uv": [3.5, 0.75, 4, 1], "texture": "#0"},
				"up": {"uv": [3.5, 0.75, 3.5, 0.25], "texture": "#0"},
				"down": {"uv": [3.5, 0.25, 3.5, 0.75], "texture": "#0"}
			}
		},
		{
			"from": [0.855, -0.9, 12.945],
			"to": [0.855, 3.1, 16.945],
			"rotation": {"angle": 45, "axis": "y", "origin": [0.85, 1.1, 14.945]},
			"faces": {
				"north": {"uv": [1, 4, 1, 5], "texture": "#0"},
				"east": {"uv": [0, 4, 1, 5], "texture": "#0"},
				"south": {"uv": [2, 4, 2, 5], "texture": "#0"},
				"west": {"uv": [1, 4, 2, 5], "texture": "#0"},
				"up": {"uv": [1, 4, 1, 3], "texture": "#0"},
				"down": {"uv": [1, 3, 1, 4], "texture": "#0"}
			}
		},
		{
			"from": [3.35, 0, 0.49],
			"to": [4.35, 2, 0.49],
			"rotation": {"angle": 22.5, "axis": "y", "origin": [3.85, 1, 0.495]},
			"faces": {
				"north": {"uv": [4.5, 2.25, 4.75, 2.75], "texture": "#0"},
				"east": {"uv": [4.5, 2.25, 4.5, 2.75], "texture": "#0"},
				"south": {"uv": [4.75, 2.25, 5, 2.75], "texture": "#0"},
				"west": {"uv": [4.75, 2.25, 4.75, 2.75], "texture": "#0"},
				"up": {"uv": [4.75, 2.25, 4.5, 2.25], "texture": "#0"},
				"down": {"uv": [5, 2.25, 4.75, 2.25], "texture": "#0"}
			}
		},
		{
			"from": [2.85, 0.5, 0.49],
			"to": [4.85, 1.5, 0.49],
			"rotation": {"angle": 22.5, "axis": "y", "origin": [3.85, 1, 0.495]},
			"faces": {
				"north": {"uv": [5.25, 2.25, 5.75, 2.5], "texture": "#0"},
				"east": {"uv": [5.25, 2.25, 5.25, 2.5], "texture": "#0"},
				"south": {"uv": [5.75, 2.25, 6.25, 2.5], "texture": "#0"},
				"west": {"uv": [5.75, 2.25, 5.75, 2.5], "texture": "#0"},
				"up": {"uv": [5.75, 2.25, 5.25, 2.25], "texture": "#0"},
				"down": {"uv": [6.25, 2.25, 5.75, 2.25], "texture": "#0"}
			}
		},
		{
			"from": [1.85, -1, 0.5],
			"to": [5.85, 3, 0.5],
			"rotation": {"angle": 22.5, "axis": "y", "origin": [3.85, 1, 0.495]},
			"faces": {
				"north": {"uv": [2, 1.5, 3, 2.5], "texture": "#0"},
				"east": {"uv": [2, 1.5, 2, 2.5], "texture": "#0"},
				"south": {"uv": [3, 1.5, 4, 2.5], "texture": "#0"},
				"west": {"uv": [3, 1.5, 3, 2.5], "texture": "#0"},
				"up": {"uv": [3, 1.5, 2, 1.5], "texture": "#0"},
				"down": {"uv": [4, 1.5, 3, 1.5], "texture": "#0"}
			}
		},
		{
			"from": [3.35, -0.6, 15.51],
			"to": [4.35, 1.4, 15.51],
			"rotation": {"angle": -22.5, "axis": "y", "origin": [3.85, 0.4, 15.505]},
			"faces": {
				"north": {"uv": [4.5, 2.25, 4.75, 2.75], "texture": "#0"},
				"east": {"uv": [4.5, 2.25, 4.5, 2.75], "texture": "#0"},
				"south": {"uv": [4.75, 2.25, 5, 2.75], "texture": "#0"},
				"west": {"uv": [4.75, 2.25, 4.75, 2.75], "texture": "#0"},
				"up": {"uv": [4.75, 2.25, 4.5, 2.25], "texture": "#0"},
				"down": {"uv": [5, 2.25, 4.75, 2.25], "texture": "#0"}
			}
		},
		{
			"from": [2.85, -0.1, 15.51],
			"to": [4.85, 0.9, 15.51],
			"rotation": {"angle": -22.5, "axis": "y", "origin": [3.85, 0.4, 15.505]},
			"faces": {
				"north": {"uv": [5.25, 2.25, 5.75, 2.5], "texture": "#0"},
				"east": {"uv": [5.25, 2.25, 5.25, 2.5], "texture": "#0"},
				"south": {"uv": [5.75, 2.25, 6.25, 2.5], "texture": "#0"},
				"west": {"uv": [5.75, 2.25, 5.75, 2.5], "texture": "#0"},
				"up": {"uv": [5.75, 2.25, 5.25, 2.25], "texture": "#0"},
				"down": {"uv": [6.25, 2.25, 5.75, 2.25], "texture": "#0"}
			}
		},
		{
			"from": [1.85, -1.6, 15.5],
			"to": [5.85, 2.4, 15.5],
			"rotation": {"angle": -22.5, "axis": "y", "origin": [3.85, 0.4, 15.505]},
			"faces": {
				"north": {"uv": [0, 2.5, 1, 3.5], "texture": "#0"},
				"east": {"uv": [0, 2.5, 0, 3.5], "texture": "#0"},
				"south": {"uv": [1, 2.5, 2, 3.5], "texture": "#0"},
				"west": {"uv": [1, 2.5, 1, 3.5], "texture": "#0"},
				"up": {"uv": [1, 2.5, 0, 2.5], "texture": "#0"},
				"down": {"uv": [2, 2.5, 1, 2.5], "texture": "#0"}
			}
		},
		{
			"from": [7.4, -0.6, 0.54],
			"to": [8.4, 1.4, 0.54],
			"rotation": {"angle": 0, "axis": "y", "origin": [7.9, 0.4, 0.545]},
			"faces": {
				"north": {"uv": [4.5, 0.75, 4.75, 1.25], "texture": "#0"},
				"east": {"uv": [4.5, 0.75, 4.5, 1.25], "texture": "#0"},
				"south": {"uv": [4.75, 0.75, 5, 1.25], "texture": "#0"},
				"west": {"uv": [4.75, 0.75, 4.75, 1.25], "texture": "#0"},
				"up": {"uv": [4.75, 0.75, 4.5, 0.75], "texture": "#0"},
				"down": {"uv": [5, 0.75, 4.75, 0.75], "texture": "#0"}
			}
		},
		{
			"from": [6.9, -0.1, 0.54],
			"to": [8.9, 0.9, 0.54],
			"rotation": {"angle": 0, "axis": "y", "origin": [7.9, 0.4, 0.545]},
			"faces": {
				"north": {"uv": [5.25, 0.75, 5.75, 1], "texture": "#0"},
				"east": {"uv": [5.25, 0.75, 5.25, 1], "texture": "#0"},
				"south": {"uv": [5.75, 0.75, 6.25, 1], "texture": "#0"},
				"west": {"uv": [5.75, 0.75, 5.75, 1], "texture": "#0"},
				"up": {"uv": [5.75, 0.75, 5.25, 0.75], "texture": "#0"},
				"down": {"uv": [6.25, 0.75, 5.75, 0.75], "texture": "#0"}
			}
		},
		{
			"from": [5.9, -1.6, 0.55],
			"to": [9.9, 2.4, 0.55],
			"rotation": {"angle": 0, "axis": "y", "origin": [7.9, 0.4, 0.545]},
			"faces": {
				"north": {"uv": [0, 1.5, 1, 2.5], "texture": "#0"},
				"east": {"uv": [0, 1.5, 0, 2.5], "texture": "#0"},
				"south": {"uv": [1, 1.5, 2, 2.5], "texture": "#0"},
				"west": {"uv": [1, 1.5, 1, 2.5], "texture": "#0"},
				"up": {"uv": [1, 1.5, 0, 1.5], "texture": "#0"},
				"down": {"uv": [2, 1.5, 1, 1.5], "texture": "#0"}
			}
		},
		{
			"from": [7.6, -0.3, 15.51],
			"to": [8.6, 1.7, 15.51],
			"rotation": {"angle": 0, "axis": "y", "origin": [8.1, 0.7, 15.505]},
			"faces": {
				"north": {"uv": [4.5, 0.75, 4.75, 1.25], "texture": "#0"},
				"east": {"uv": [4.5, 0.75, 4.5, 1.25], "texture": "#0"},
				"south": {"uv": [4.75, 0.75, 5, 1.25], "texture": "#0"},
				"west": {"uv": [4.75, 0.75, 4.75, 1.25], "texture": "#0"},
				"up": {"uv": [4.75, 0.75, 4.5, 0.75], "texture": "#0"},
				"down": {"uv": [5, 0.75, 4.75, 0.75], "texture": "#0"}
			}
		},
		{
			"from": [7.1, 0.2, 15.51],
			"to": [9.1, 1.2, 15.51],
			"rotation": {"angle": 0, "axis": "y", "origin": [8.1, 0.7, 15.505]},
			"faces": {
				"north": {"uv": [5.25, 0.75, 5.75, 1], "texture": "#0"},
				"east": {"uv": [5.25, 0.75, 5.25, 1], "texture": "#0"},
				"south": {"uv": [5.75, 0.75, 6.25, 1], "texture": "#0"},
				"west": {"uv": [5.75, 0.75, 5.75, 1], "texture": "#0"},
				"up": {"uv": [5.75, 0.75, 5.25, 0.75], "texture": "#0"},
				"down": {"uv": [6.25, 0.75, 5.75, 0.75], "texture": "#0"}
			}
		},
		{
			"from": [6.1, -1.3, 15.5],
			"to": [10.1, 2.7, 15.5],
			"rotation": {"angle": 0, "axis": "y", "origin": [8.1, 0.7, 15.505]},
			"faces": {
				"north": {"uv": [0, 1.5, 1, 2.5], "texture": "#0"},
				"east": {"uv": [0, 1.5, 0, 2.5], "texture": "#0"},
				"south": {"uv": [1, 1.5, 2, 2.5], "texture": "#0"},
				"west": {"uv": [1, 1.5, 1, 2.5], "texture": "#0"},
				"up": {"uv": [1, 1.5, 0, 1.5], "texture": "#0"},
				"down": {"uv": [2, 1.5, 1, 1.5], "texture": "#0"}
			}
		}
	],
	"display": {
		"thirdperson_righthand": {
			"translation": [0, 3, 0],
			"scale": [0.37, 0.37, 0.37]
		},
		"thirdperson_lefthand": {
			"translation": [0, 3, 0],
			"scale": [0.37, 0.37, 0.37]
		},
		"firstperson_righthand": {
			"rotation": [0, 128, 0],
			"translation": [0.75, 7, 0],
			"scale": [0.53, 0.53, 0.53]
		},
		"firstperson_lefthand": {
			"rotation": [0, 128, 0],
			"translation": [0.75, 7, 0],
			"scale": [0.53, 0.53, 0.53]
		},
		"ground": {
			"translation": [0, 3, 0],
			"scale": [0.39, 0.39, 0.39]
		},
		"gui": {
			"rotation": [29, -144, 0],
			"translation": [0.25, 3.25, 0],
			"scale": [0.58, 0.58, 0.58]
		},
		"head": {
			"translation": [0, 11.75, 0],
			"scale": [1.04, 1.04, 1.04]
		},
		"fixed": {
			"translation": [0, 5, -4.25],
			"scale": [0.69, 0.69, 0.69]
		}
	},
	"groups": [
		0,
		1,
		2,
		3,
		{
			"name": "red flower",
			"origin": [0, 0, -7],
			"color": 0,
			"children": [4, 5, 6]
		},
		{
			"name": "red flower",
			"origin": [0, 0, -7],
			"color": 0,
			"children": [7, 8, 9]
		},
		{
			"name": "red flower",
			"origin": [0, 0, -7],
			"color": 0,
			"children": [10, 11, 12]
		},
		{
			"name": "yellow flower",
			"origin": [0, 0, -7],
			"color": 0,
			"children": [13, 14, 15]
		},
		{
			"name": "yellow flower",
			"origin": [0, 0, -7],
			"color": 0,
			"children": [16, 17, 18]
		},
		{
			"name": "yellow flower",
			"origin": [0, 0, -7],
			"color": 0,
			"children": [19, 20, 21]
		},
		{
			"name": "yellow flower",
			"origin": [0, 0, -7],
			"color": 0,
			"children": [22, 23, 24]
		},
		{
			"name": "pinkflower",
			"origin": [0, 0, -7],
			"color": 0,
			"children": [25, 26, 27]
		},
		{
			"name": "pinkflower",
			"origin": [0, 0, -7],
			"color": 0,
			"children": [28, 29, 30]
		},
		{
			"name": "pinkflower",
			"origin": [0, 0, -7],
			"color": 0,
			"children": [31, 32, 33]
		},
		{
			"name": "pinkflower",
			"origin": [0, 0, -7],
			"color": 0,
			"children": [34, 35, 36]
		},
		{
			"name": "pinkflower",
			"origin": [0, 0, -7],
			"color": 0,
			"children": [37, 38, 39]
		},
		{
			"name": "white flower",
			"origin": [0, 0, -7],
			"color": 0,
			"children": [40, 41, 42]
		},
		{
			"name": "white flower",
			"origin": [0, 0, -7],
			"color": 0,
			"children": [43, 44, 45]
		},
		{
			"name": "pink flower",
			"origin": [0, 0, -7],
			"color": 0,
			"children": [46, 47, 48]
		},
		{
			"name": "pink flower",
			"origin": [0, 0, -7],
			"color": 0,
			"children": [49, 50, 51]
		}
	]
}