{
  "type": "minecraft:generic",
  "pools": [
    {
      "bonus_rolls": 0,
      "entries": [
        {
          "type": "minecraft:item",
          "name": "minecraft:gold_ingot",
          "weight": 1,
          "functions": [
            {
              "function": "minecraft:set_count",
              "count": {
                "type": "minecraft:uniform",
                "min": 1,
                "max": 2
              }
            }
          ]
        },
        {
          "type": "minecraft:item",
          "name": "minecraft:gold_nugget",
          "weight": 5,
          "functions": [
            {
              "function": "minecraft:set_count",
              "count": {
                "type": "minecraft:uniform",
                "min": 2,
                "max": 5
              }
            }
          ]
        }
      ],
      "rolls": {
        "type": "minecraft:uniform",
        "min": 1,
        "max": 2
      },
      "conditions": [
        {
          "condition": "droploottables:level",
          "range": "1..25"
        }
      ]
    },
    {
      "bonus_rolls": 0,
      "entries": [
        {
          "type": "minecraft:item",
          "name": "minecraft:gold_ingot",
          "weight": 1,
          "functions": [
            {
              "function": "minecraft:set_count",
              "count": {
                "type": "minecraft:uniform",
                "min": 1,
                "max": 3
              }
            }
          ]
        },
        {
          "type": "minecraft:item",
          "name": "minecraft:gold_nugget",
          "weight": 4,
          "functions": [
            {
              "function": "minecraft:set_count",
              "count": {
                "type": "minecraft:uniform",
                "min": 3,
                "max": 7
              }
            }
          ]
        }
      ],
      "rolls": {
        "type": "minecraft:uniform",
        "min": 1,
        "max": 3
      },
      "conditions": [
        {
          "condition": "droploottables:level",
          "range": "26..50"
        }
      ]
    },
    {
      "bonus_rolls": 0,
      "entries": [
        {
          "type": "minecraft:item",
          "name": "minecraft:gold_ingot",
          "weight": 2,
          "functions": [
            {
              "function": "minecraft:set_count",
              "count": {
                "type": "minecraft:uniform",
                "min": 2,
                "max": 4
              }
            }
          ]
        },
        {
          "type": "minecraft:item",
          "name": "minecraft:gold_nugget",
          "weight": 3,
          "functions": [
            {
              "function": "minecraft:set_count",
              "count": {
                "type": "minecraft:uniform",
                "min": 4,
                "max": 9
              }
            }
          ]
        }
      ],
      "rolls": {
        "type": "minecraft:uniform",
        "min": 2,
        "max": 4
      },
      "conditions": [
        {
          "condition": "droploottables:level",
          "range": "51..75"
        }
      ]
    },
    {
      "bonus_rolls": 0,
      "entries": [
        {
          "type": "minecraft:item",
          "name": "minecraft:gold_ingot",
          "functions": [
            {
              "function": "minecraft:set_count",
              "count": {
                "type": "minecraft:uniform",
                "min": 2,
                "max": 4
              }
            }
          ]
        }
      ],
      "rolls": {
        "type": "minecraft:uniform",
        "min": 2,
        "max": 4
      },
      "conditions": [
        {
          "condition": "droploottables:level",
          "range": "76..100"
        }
      ]
    }
  ]
}