{
  "type": "minecraft:generic",
  "pools": [
    {
      "bonus_rolls": 0,
      "entries": [
        {
          "type": "minecraft:item",
          "name": "cobblemon:magnet",
          "functions": [
            {
              "function": "minecraft:set_count",
              "count": 3
            }
          ]
        }
      ],
      "rolls": 1
    },
    {
      "bonus_rolls": 0,
      "entries": [
        {
          "type": "minecraft:empty",
          "weight": 9,
          "functions": []
        },
        {
          "type": "minecraft:item",
          "name": "minecraft:lightning_rod",
          "weight": 1,
          "functions": []
        }
      ],
      "rolls": 1
    }
  ]
}