{
  "type": "minecraft:generic",
  "pools": [
    {
      "bonus_rolls": 0,
      "entries": [
        {
          "type": "minecraft:item",
          "name": "cobblemon:exp_candy_xs",
          "weight": 86,
          "functions": [
            {
              "function": "minecraft:set_count",
              "count": {
                "type": "minecraft:uniform",
                "min": 2,
                "max": 4
              }
            }
          ]
        },
        {
          "type": "minecraft:item",
          "name": "cobblemon:exp_candy_s",
          "weight": 7,
          "functions": [
            {
              "function": "minecraft:set_count",
              "count": {
                "type": "minecraft:uniform",
                "min": 1,
                "max": 4
              }
            }
          ]
        },
        {
          "type": "minecraft:item",
          "name": "cobblemon:exp_candy_m",
          "weight": 3,
          "functions": [
            {
              "function": "minecraft:set_count",
              "count": {
                "type": "minecraft:uniform",
                "min": 1,
                "max": 3
              }
            }
          ]
        },
        {
          "type": "minecraft:item",
          "name": "cobblemon:exp_candy_l",
          "weight": 2,
          "functions": [
            {
              "function": "minecraft:set_count",
              "count": {
                "type": "minecraft:uniform",
                "min": 1,
                "max": 2
              }
            }
          ]
        },
        {
          "type": "minecraft:item",
          "name": "cobblemon:exp_candy_xl",
          "weight": 1,
          "functions": []
        },
        {
          "type": "minecraft:item",
          "name": "cobblemon:rare_candy",
          "weight": 1,
          "functions": []
        }
      ],
      "rolls": {
        "type": "minecraft:uniform",
        "min": 1,
        "max": 1
      },
      "conditions": [
        {
          "condition": "droploottables:level",
          "range": "1..25"
        }
      ]
    },
    {
      "bonus_rolls": 0,
      "entries": [
        {
          "type": "minecraft:item",
          "name": "cobblemon:exp_candy_xs",
          "weight": 86,
          "functions": [
            {
              "function": "minecraft:set_count",
              "count": {
                "type": "minecraft:uniform",
                "min": 2,
                "max": 4
              }
            }
          ]
        },
        {
          "type": "minecraft:item",
          "name": "cobblemon:exp_candy_s",
          "weight": 7,
          "functions": [
            {
              "function": "minecraft:set_count",
              "count": {
                "type": "minecraft:uniform",
                "min": 1,
                "max": 4
              }
            }
          ]
        },
        {
          "type": "minecraft:item",
          "name": "cobblemon:exp_candy_m",
          "weight": 3,
          "functions": [
            {
              "function": "minecraft:set_count",
              "count": {
                "type": "minecraft:uniform",
                "min": 1,
                "max": 3
              }
            }
          ]
        },
        {
          "type": "minecraft:item",
          "name": "cobblemon:exp_candy_l",
          "weight": 2,
          "functions": [
            {
              "function": "minecraft:set_count",
              "count": {
                "type": "minecraft:uniform",
                "min": 1,
                "max": 2
              }
            }
          ]
        },
        {
          "type": "minecraft:item",
          "name": "cobblemon:exp_candy_xl",
          "weight": 1,
          "functions": []
        },
        {
          "type": "minecraft:item",
          "name": "cobblemon:rare_candy",
          "weight": 1,
          "functions": []
        }
      ],
      "rolls": {
        "type": "minecraft:uniform",
        "min": 2,
        "max": 3
      },
      "conditions": [
        {
          "condition": "droploottables:level",
          "range": "26..50"
        }
      ]
    },
    {
      "bonus_rolls": 0,
      "entries": [
        {
          "type": "minecraft:item",
          "name": "cobblemon:exp_candy_xs",
          "weight": 86,
          "functions": [
            {
              "function": "minecraft:set_count",
              "count": {
                "type": "minecraft:uniform",
                "min": 2,
                "max": 4
              }
            }
          ]
        },
        {
          "type": "minecraft:item",
          "name": "cobblemon:exp_candy_s",
          "weight": 7,
          "functions": [
            {
              "function": "minecraft:set_count",
              "count": {
                "type": "minecraft:uniform",
                "min": 1,
                "max": 4
              }
            }
          ]
        },
        {
          "type": "minecraft:item",
          "name": "cobblemon:exp_candy_m",
          "weight": 3,
          "functions": [
            {
              "function": "minecraft:set_count",
              "count": {
                "type": "minecraft:uniform",
                "min": 1,
                "max": 3
              }
            }
          ]
        },
        {
          "type": "minecraft:item",
          "name": "cobblemon:exp_candy_l",
          "weight": 2,
          "functions": [
            {
              "function": "minecraft:set_count",
              "count": {
                "type": "minecraft:uniform",
                "min": 1,
                "max": 2
              }
            }
          ]
        },
        {
          "type": "minecraft:item",
          "name": "cobblemon:exp_candy_xl",
          "weight": 1,
          "functions": []
        },
        {
          "type": "minecraft:item",
          "name": "cobblemon:rare_candy",
          "weight": 1,
          "functions": []
        }
      ],
      "rolls": {
        "type": "minecraft:uniform",
        "min": 3,
        "max": 5
      },
      "conditions": [
        {
          "condition": "droploottables:level",
          "range": "51..75"
        }
      ]
    },
    {
      "bonus_rolls": 0,
      "entries": [
        {
          "type": "minecraft:item",
          "name": "cobblemon:exp_candy_xs",
          "weight": 86,
          "functions": [
            {
              "function": "minecraft:set_count",
              "count": {
                "type": "minecraft:uniform",
                "min": 2,
                "max": 4
              }
            }
          ]
        },
        {
          "type": "minecraft:item",
          "name": "cobblemon:exp_candy_s",
          "weight": 7,
          "functions": [
            {
              "function": "minecraft:set_count",
              "count": {
                "type": "minecraft:uniform",
                "min": 1,
                "max": 4
              }
            }
          ]
        },
        {
          "type": "minecraft:item",
          "name": "cobblemon:exp_candy_m",
          "weight": 3,
          "functions": [
            {
              "function": "minecraft:set_count",
              "count": {
                "type": "minecraft:uniform",
                "min": 1,
                "max": 3
              }
            }
          ]
        },
        {
          "type": "minecraft:item",
          "name": "cobblemon:exp_candy_l",
          "weight": 2,
          "functions": [
            {
              "function": "minecraft:set_count",
              "count": {
                "type": "minecraft:uniform",
                "min": 1,
                "max": 2
              }
            }
          ]
        },
        {
          "type": "minecraft:item",
          "name": "cobblemon:exp_candy_xl",
          "weight": 1,
          "functions": []
        },
        {
          "type": "minecraft:item",
          "name": "cobblemon:rare_candy",
          "weight": 1,
          "functions": []
        }
      ],
      "rolls": {
        "type": "minecraft:uniform",
        "min": 4,
        "max": 7
      },
      "conditions": [
        {
          "condition": "droploottables:level",
          "range": "76..100"
        }
      ]
    }
  ]
}