{
  "type": "minecraft:generic",
  "pools": [
    {
      "bonus_rolls": 0,
      "entries": [
        {
          "type": "minecraft:item",
          "name": "minecraft:amethyst_shard",
          "weight": 5,
          "functions": [
            {
              "function": "minecraft:set_count",
              "count": 2
            }
          ]
        }
      ],
      "rolls": 1
    },
    {
      "bonus_rolls": 0,
      "entries": [
        {
          "type": "minecraft:empty",
          "weight": 8,
          "functions": []
        },
        {
          "type": "minecraft:item",
          "name": "cobblemon:dark_gem",
          "weight": 1,
          "functions": []
        },
        {
          "type": "minecraft:item",
          "name": "cobblemon:ghost_gem",
          "weight": 1,
          "functions": []
        }
      ],
      "rolls": 1
    }
  ]
}