{
  "type": "minecraft:generic",
  "pools": [
    {
      "bonus_rolls": 0,
      "entries": [
        {
          "type": "minecraft:item",
          "name": "minecraft:coal",
          "weight": 7,
          "functions": [
            {
              "function": "minecraft:set_count",
              "count": {
                "type": "minecraft:uniform",
                "min": 1,
                "max": 3
              }
            }
          ]
        },
        {
          "type": "minecraft:item",
          "name": "cobblemon:charcoal_stick",
          "weight": 1,
          "functions": []
        }
      ],
      "rolls": {
        "type": "minecraft:uniform",
        "min": 1,
        "max": 2
      },
      "conditions": [
        {
          "condition": "droploottables:level",
          "range": "1..25"
        }
      ]
    },
    {
      "bonus_rolls": 0,
      "entries": [
        {
          "type": "minecraft:item",
          "name": "minecraft:coal",
          "weight": 7,
          "functions": [
            {
              "function": "minecraft:set_count",
              "count": {
                "type": "minecraft:uniform",
                "min": 1,
                "max": 3
              }
            }
          ]
        },
        {
          "type": "minecraft:item",
          "name": "cobblemon:charcoal_stick",
          "weight": 1,
          "functions": []
        }
      ],
      "rolls": {
        "type": "minecraft:uniform",
        "min": 1,
        "max": 3
      },
      "conditions": [
        {
          "condition": "droploottables:level",
          "range": "26..50"
        }
      ]
    },
    {
      "bonus_rolls": 0,
      "entries": [
        {
          "type": "minecraft:item",
          "name": "minecraft:coal",
          "weight": 7,
          "functions": [
            {
              "function": "minecraft:set_count",
              "count": {
                "type": "minecraft:uniform",
                "min": 1,
                "max": 3
              }
            }
          ]
        },
        {
          "type": "minecraft:item",
          "name": "cobblemon:charcoal_stick",
          "weight": 1,
          "functions": []
        }
      ],
      "rolls": {
        "type": "minecraft:uniform",
        "min": 2,
        "max": 3
      },
      "conditions": [
        {
          "condition": "droploottables:level",
          "range": "51..75"
        }
      ]
    },
    {
      "bonus_rolls": 0,
      "entries": [
        {
          "type": "minecraft:item",
          "name": "minecraft:coal",
          "weight": 7,
          "functions": [
            {
              "function": "minecraft:set_count",
              "count": {
                "type": "minecraft:uniform",
                "min": 1,
                "max": 3
              }
            }
          ]
        },
        {
          "type": "minecraft:item",
          "name": "cobblemon:charcoal_stick",
          "weight": 1,
          "functions": []
        }
      ],
      "rolls": {
        "type": "minecraft:uniform",
        "min": 2,
        "max": 4
      },
      "conditions": [
        {
          "condition": "droploottables:level",
          "range": "76..100"
        }
      ]
    }
  ]
}