{
	"format_version": "1.12.0",
	"minecraft:geometry": [
		{
			"description": {
				"identifier": "geometry.alcremie",
				"texture_width": 128,
				"texture_height": 128,
				"visible_bounds_width": 4,
				"visible_bounds_height": 3.5,
				"visible_bounds_offset": [0, 1.25, 0]
			},
			"bones": [
				{
					"name": "alcremie",
					"pivot": [0, 0, 0]
				},
				{
					"name": "body",
					"parent": "alcremie",
					"pivot": [0, 0, 0]
				},
				{
					"name": "torso_top",
					"parent": "body",
					"pivot": [0, 7, 2.5],
					"cubes": [
						{"origin": [-4.5, 5, -3.5], "size": [9, 4, 8], "uv": [48, 6]},
						{"origin": [-5, 8, -4], "size": [10, 4, 9], "uv": [0, 45]}
					]
				},
				{
					"name": "head",
					"parent": "torso_top",
					"pivot": [0, 12, 1.25],
					"cubes": [
						{"origin": [-4.5, 12, -3.25], "size": [9, 7, 8], "uv": [30, 51]},
						{"origin": [-5.5, 12.5, -1.5], "size": [11, 6, 8], "uv": [32, 37]},
						{"origin": [-6.5, 18.5, -3.5], "size": [13, 4, 11], "inflate": 0.01, "uv": [0, 18]},
						{"origin": [-6.5, 14.5, 0.5], "size": [13, 4, 7], "inflate": 0.01, "uv": [37, 18]},
						{"origin": [-2.85, 16.5, -3.25], "size": [1, 1, 0], "inflate": 0.01, "uv": [6, 94]},
						{"origin": [1.85, 16.5, -3.25], "size": [1, 1, 0], "inflate": 0.01, "uv": [4, 94]}
					]
				},
				{
					"name": "eyes",
					"parent": "head",
					"pivot": [1.35, 3.9, 1.25]
				},
				{
					"name": "eye_right",
					"parent": "eyes",
					"pivot": [-1.35, 16.15, -3.25],
					"rotation": [0, 0, 5],
					"cubes": [
						{"origin": [-3.35, 13.15, -3.25], "size": [2, 3, 0], "inflate": 0.01, "uv": [4, 90]},
						{"origin": [-2.75, 13.65, -3.25], "size": [1, 2, 0], "inflate": 0.02, "uv": [2, 93]},
						{"origin": [-2.35, 15.15, -3.25], "size": [1, 1, 0], "inflate": 0.03, "uv": [6, 93]}
					]
				},
				{
					"name": "eyelid_right",
					"parent": "eye_right",
					"pivot": [-2.35, 14.65, -2.65],
					"cubes": [
						{"origin": [-3.35, 13.15, -3.15], "size": [2, 3, 1], "inflate": 0.04, "uv": [14, 62]}
					]
				},
				{
					"name": "eye_left",
					"parent": "eyes",
					"pivot": [1.35, 16.15, -3.25],
					"rotation": [0, 0, -5],
					"cubes": [
						{"origin": [1.35, 13.15, -3.25], "size": [2, 3, 0], "inflate": 0.01, "uv": [0, 90]},
						{"origin": [1.75, 13.65, -3.25], "size": [1, 2, 0], "inflate": 0.02, "uv": [0, 93]},
						{"origin": [1.35, 15.15, -3.25], "size": [1, 1, 0], "inflate": 0.03, "uv": [4, 93]}
					]
				},
				{
					"name": "eyelid_left",
					"parent": "eye_left",
					"pivot": [2.35, 14.65, -2.65],
					"cubes": [
						{"origin": [1.35, 13.15, -3.15], "size": [2, 3, 1], "inflate": 0.04, "uv": [0, 62]}
					]
				},
				{
					"name": "mouth",
					"parent": "head",
					"pivot": [0, 3, 1.25]
				},
				{
					"name": "mouth_closed",
					"parent": "mouth",
					"pivot": [0, 12.65, -3.15],
					"cubes": [
						{"origin": [-0.5, 12.15, -3.25], "size": [1, 1, 0], "inflate": 0.01, "uv": [6, 10]}
					]
				},
				{
					"name": "mouth_open",
					"parent": "mouth",
					"pivot": [0, 12.65, -3.275],
					"cubes": [
						{"origin": [-0.5, 12.15, -3.25], "size": [1, 1, 0], "inflate": 0.02, "uv": [4, 95]}
					]
				},
				{
					"name": "head_front",
					"parent": "head",
					"pivot": [0, 18.5, -3.5],
					"rotation": [-5, 0, 0],
					"cubes": [
						{"origin": [-4.5, 16.5, -3.5], "size": [9, 2, 0], "uv": [32, 35]}
					]
				},
				{
					"name": "head_top_base",
					"parent": "head",
					"pivot": [0, 22, 2.75],
					"rotation": [0, 0, -5],
					"cubes": [
						{"origin": [-6, 21, -1.5], "size": [12, 4, 8], "uv": [0, 33]}
					]
				},
				{
					"name": "head_top_mid",
					"parent": "head_top_base",
					"pivot": [4, 24.8, 4.5],
					"rotation": [12.5, -5, -12.5],
					"cubes": [
						{"origin": [4, 24.8, 0.5], "size": [0, 0, 0], "uv": [78, 40]}
					]
				},
				{
					"name": "head_top_bend",
					"parent": "head_top_mid",
					"pivot": [3.5, 28.75, 4.5],
					"rotation": [0, -10, -25],
					"cubes": [
						{"origin": [3.5, 28.75, 2.5], "size": [0, 0, 0], "uv": [77, 31]}
					]
				},
				{
					"name": "head_top_tip",
					"parent": "head_top_bend",
					"pivot": [3.5, 31.7, 3.5],
					"rotation": [17.5, 17.5, -40],
					"cubes": [
						{"origin": [3.5, 31.7, 3.5], "size": [0, 0, 0], "uv": [59, 51]}
					]
				},
				{
					"name": "bun_left",
					"parent": "head",
					"pivot": [5.75, 19.2, -2.5],
					"rotation": [-40, 27.5, -60],
					"cubes": [
						{"origin": [3.75, 15.7, -6], "size": [3, 7, 7], "pivot": [7, 19.2, -2.5], "rotation": [-45, 0, 0], "uv": [19, 66]}
					]
				},
				{
					"name": "toppings_left",
					"parent": "bun_left",
					"pivot": [7, 19.2, -2.5]
				},
				{
					"name": "flower_left",
					"parent": "toppings_left",
					"pivot": [7.45, 18.2, -2.85],
					"rotation": [17.5, 12.5, 32.5],
					"cubes": [
						{"origin": [7.45, 15.7, -5.35], "size": [0, 5, 5], "uv": [10, 112], "mirror": true}
					]
				},
				{
					"name": "ribbons_left",
					"parent": "toppings_left",
					"pivot": [7.2, 17.95, -2.85],
					"rotation": [-20, 12.5, 32.5],
					"cubes": [
						{"origin": [7.45, 15.45, -5.35], "size": [0, 5, 5], "uv": [20, 112]}
					]
				},
				{
					"name": "heart_left",
					"parent": "toppings_left",
					"pivot": [7.45, 17.7, -2.85],
					"rotation": [-25, 12.5, 32.5],
					"cubes": [
						{"origin": [7.45, 15.2, -5.35], "size": [0, 5, 5], "uv": [0, 117], "mirror": true}
					]
				},
				{
					"name": "star_left",
					"parent": "toppings_left",
					"pivot": [7.45, 17.95, -2.85],
					"rotation": [-35, 12.5, 32.5],
					"cubes": [
						{"origin": [7.45, 15.45, -5.35], "size": [0, 5, 5], "uv": [0, 107]}
					]
				},
				{
					"name": "clover_left",
					"parent": "toppings_left",
					"pivot": [7.45, 18.2, -2.85],
					"rotation": [17.5, 12.5, 32.5],
					"cubes": [
						{"origin": [7.45, 15.7, -5.35], "size": [0, 5, 5], "uv": [20, 107], "mirror": true}
					]
				},
				{
					"name": "blueberries_left",
					"parent": "toppings_left",
					"pivot": [7, 18.55, -2.45],
					"rotation": [-40, 0, 0]
				},
				{
					"name": "blueberry_left",
					"parent": "blueberries_left",
					"pivot": [7, 17.65, -3.4],
					"rotation": [5, 5, 5],
					"cubes": [
						{"origin": [6.25, 16.65, -4.4], "size": [2, 2, 2], "uv": [24, 100], "mirror": true}
					]
				},
				{
					"name": "blueberry_left2",
					"parent": "blueberries_left",
					"pivot": [7, 17.65, -1.4],
					"rotation": [-32.5, -5, 5],
					"cubes": [
						{"origin": [6, 16.65, -2.4], "size": [2, 2, 2], "uv": [32, 100], "mirror": true}
					]
				},
				{
					"name": "blueberry_left3",
					"parent": "blueberries_left",
					"pivot": [7, 19.35, -2.4],
					"rotation": [0, 0, -10],
					"cubes": [
						{"origin": [6.5, 18.35, -3.4], "size": [2, 2, 2], "uv": [24, 104], "mirror": true}
					]
				},
				{
					"name": "strawberry_left",
					"parent": "toppings_left",
					"pivot": [6.5, 18.7, -2.6],
					"cubes": [
						{"origin": [6.25, 17.2, -4.1], "size": [2, 3, 3], "uv": [0, 96]},
						{"origin": [8.25, 17.7, -3.6], "size": [1, 2, 2], "uv": [0, 102]}
					]
				},
				{
					"name": "hair_left",
					"parent": "bun_left",
					"pivot": [5, 17.5, -2.5],
					"rotation": [10, -8, 15],
					"cubes": [
						{"origin": [2, 8.5, -6.5], "size": [3, 7, 8], "uv": [56, 58]},
						{"origin": [3, 15.5, -5.5], "size": [2, 2, 6], "uv": [70, 58]}
					]
				},
				{
					"name": "bun_right",
					"parent": "head",
					"pivot": [-5.75, 19.2, -2.5],
					"rotation": [-40, -27.5, 60],
					"cubes": [
						{"origin": [-6.75, 15.7, -6], "size": [3, 7, 7], "pivot": [-7, 19.2, -2.5], "rotation": [-45, 0, 0], "uv": [63, 44]}
					]
				},
				{
					"name": "toppings_right",
					"parent": "bun_right",
					"pivot": [-7, 19.2, -2.5]
				},
				{
					"name": "flower_right",
					"parent": "toppings_right",
					"pivot": [-7.45, 18.2, -2.85],
					"rotation": [17.5, -12.5, -32.5],
					"cubes": [
						{"origin": [-7.45, 15.7, -5.35], "size": [0, 5, 5], "uv": [0, 112]}
					]
				},
				{
					"name": "ribbons_right",
					"parent": "toppings_right",
					"pivot": [-7.2, 17.95, -2.85],
					"rotation": [-20, -12.5, -32.5],
					"cubes": [
						{"origin": [-7.45, 15.45, -5.35], "size": [0, 5, 5], "uv": [30, 112], "mirror": true}
					]
				},
				{
					"name": "heart_right",
					"parent": "toppings_right",
					"pivot": [-7.45, 17.7, -2.85],
					"rotation": [-25, -12.5, -32.5],
					"cubes": [
						{"origin": [-7.45, 15.2, -5.35], "size": [0, 5, 5], "uv": [10, 117]}
					]
				},
				{
					"name": "star_right",
					"parent": "toppings_right",
					"pivot": [-7.45, 17.95, -2.85],
					"rotation": [-35, -12.5, -32.5],
					"cubes": [
						{"origin": [-7.45, 15.45, -5.35], "size": [0, 5, 5], "uv": [10, 107], "mirror": true}
					]
				},
				{
					"name": "clover_right",
					"parent": "toppings_right",
					"pivot": [-7.45, 18.2, -2.85],
					"rotation": [17.5, -12.5, -32.5],
					"cubes": [
						{"origin": [-7.45, 15.7, -5.35], "size": [0, 5, 5], "uv": [30, 107]}
					]
				},
				{
					"name": "blueberries_right",
					"parent": "toppings_right",
					"pivot": [-7, 18.55, -2.45],
					"rotation": [-40, 0, 0]
				},
				{
					"name": "blueberry_right",
					"parent": "blueberries_right",
					"pivot": [-7, 17.65, -3.4],
					"rotation": [5, -5, -5],
					"cubes": [
						{"origin": [-8.25, 16.65, -4.4], "size": [2, 2, 2], "uv": [32, 104]}
					]
				},
				{
					"name": "blueberry_right2",
					"parent": "blueberries_right",
					"pivot": [-7, 17.65, -1.4],
					"rotation": [-32.5, 5, -5],
					"cubes": [
						{"origin": [-8, 16.65, -2.4], "size": [2, 2, 2], "uv": [24, 108]}
					]
				},
				{
					"name": "blueberry_right3",
					"parent": "blueberries_right",
					"pivot": [-7, 19.35, -2.4],
					"rotation": [0, 0, 10],
					"cubes": [
						{"origin": [-8.5, 18.35, -3.4], "size": [2, 2, 2], "uv": [32, 108]}
					]
				},
				{
					"name": "strawberry_right",
					"parent": "toppings_right",
					"pivot": [-6.5, 18.7, -2.6],
					"cubes": [
						{"origin": [-8.25, 17.2, -4.1], "size": [2, 3, 3], "uv": [10, 96], "mirror": true},
						{"origin": [-9.25, 17.7, -3.6], "size": [1, 2, 2], "uv": [6, 102], "mirror": true}
					]
				},
				{
					"name": "hair_right",
					"parent": "bun_right",
					"pivot": [-5, 17.5, -2.5],
					"rotation": [10, 8, -15],
					"cubes": [
						{"origin": [-5, 8.5, -6.5], "size": [3, 7, 8], "uv": [0, 58]},
						{"origin": [-5, 15.5, -5.5], "size": [2, 2, 6], "uv": [39, 66]}
					]
				},
				{
					"name": "ribbon",
					"parent": "torso_top",
					"pivot": [0, 8.5, 5]
				},
				{
					"name": "ribbon_right",
					"parent": "ribbon",
					"pivot": [0, 8.5, 5],
					"rotation": [0, -65, 0],
					"cubes": [
						{"origin": [0, 7, 5], "size": [0, 3, 3], "uv": [0, 106]}
					]
				},
				{
					"name": "ribbon_left",
					"parent": "ribbon",
					"pivot": [0, 8.5, 5],
					"rotation": [0, 65, 0],
					"cubes": [
						{"origin": [0, 7, 5], "size": [0, 3, 3], "uv": [0, 103]}
					]
				},
				{
					"name": "arm_right",
					"parent": "torso_top",
					"pivot": [-4, 10, -2.25],
					"rotation": [0, -45, 0],
					"cubes": [
						{"origin": [-7, 8.5, -3.25], "size": [3, 2, 2], "inflate": 0.01, "uv": [48, 29]}
					]
				},
				{
					"name": "elbow_right",
					"parent": "arm_right",
					"pivot": [-7, 10.5, -1.25],
					"cubes": [
						{"origin": [-9, 8.5, -3.25], "size": [2, 2, 2], "uv": [0, 58]},
						{"origin": [-9.55, 9, -1.8], "size": [1, 1, 0], "pivot": [-8.55, 9, -1.8], "rotation": [0, 35, 0], "uv": [8, 10]},
						{"origin": [-9.75, 9, -2.25], "size": [1, 1, 0], "uv": [2, 28]},
						{"origin": [-9.55, 9, -2.7], "size": [1, 1, 0], "pivot": [-8.55, 9, -2.7], "rotation": [0, -35, 0], "uv": [0, 28]}
					]
				},
				{
					"name": "arm_left",
					"parent": "torso_top",
					"pivot": [4, 10, -2.25],
					"rotation": [0, 45, 0],
					"cubes": [
						{"origin": [4, 8.5, -3.25], "size": [3, 2, 2], "inflate": 0.01, "uv": [48, 29], "mirror": true}
					]
				},
				{
					"name": "elbow_left",
					"parent": "arm_left",
					"pivot": [7, 10.5, -1.25],
					"cubes": [
						{"origin": [7, 8.5, -3.25], "size": [2, 2, 2], "uv": [0, 58], "mirror": true},
						{"origin": [8.55, 9, -1.8], "size": [1, 1, 0], "pivot": [8.55, 9, -1.8], "rotation": [0, -35, 0], "uv": [8, 10], "mirror": true},
						{"origin": [8.75, 9, -2.25], "size": [1, 1, 0], "uv": [2, 28], "mirror": true},
						{"origin": [8.55, 9, -2.7], "size": [1, 1, 0], "pivot": [8.55, 9, -2.7], "rotation": [0, 35, 0], "uv": [0, 28], "mirror": true}
					]
				},
				{
					"name": "torso_bottom",
					"parent": "body",
					"pivot": [0, 5, 0.25],
					"cubes": [
						{"origin": [-6.5, 0, -4], "size": [13, 7, 11], "uv": [0, 0]}
					]
				},
				{
					"name": "torso_right",
					"parent": "torso_bottom",
					"pivot": [-6.5, 0, 1],
					"cubes": [
						{"origin": [-8.5, 0, -4], "size": [2, 0, 11], "uv": [55, 29]}
					]
				},
				{
					"name": "torso_bottom_front",
					"parent": "torso_bottom",
					"pivot": [0, 0, -4],
					"cubes": [
						{"origin": [-8.5, 0, -6], "size": [17, 0, 2], "inflate": 0.001, "uv": [30, 33]}
					]
				},
				{
					"name": "torso_left",
					"parent": "torso_bottom",
					"pivot": [6.5, 0, 1],
					"cubes": [
						{"origin": [6.5, 0, -4], "size": [2, 0, 11], "uv": [11, 58]}
					]
				},
				{
					"name": "torso_bottom_back",
					"parent": "torso_bottom",
					"pivot": [0, 0, 7],
					"cubes": [
						{"origin": [-8.5, 0, 6.5], "size": [17, 0, 6], "inflate": 0.001, "uv": [31, 0]}
					]
				}
			]
		}
	]
}