{
	"format_version": "1.12.0",
	"minecraft:geometry": [
		{
			"description": {
				"identifier": "geometry.unknown",
				"texture_width": 64,
				"texture_height": 64,
				"visible_bounds_width": 3,
				"visible_bounds_height": 2.5,
				"visible_bounds_offset": [0, 0.75, 0]
			},
			"bones": [
				{
					"name": "clauncher",
					"pivot": [0, 0, 0]
				},
				{
					"name": "body",
					"parent": "clauncher",
					"pivot": [0, 4.5, 0.5]
				},
				{
					"name": "torso",
					"parent": "body",
					"pivot": [0, 4.5, 0.5],
					"rotation": [-10, 0, 0]
				},
				{
					"name": "head",
					"parent": "torso",
					"pivot": [0, 4.5, 0.5],
					"rotation": [10, 0, 0],
					"cubes": [
						{"origin": [-3.5, 1.5, -2.5], "size": [7, 7, 3], "uv": [0, 20]},
						{"origin": [-3.5, 8.5, 0.5], "size": [7, 0, 2], "pivot": [1.5, 8.5, 0.5], "rotation": [-14.5, 0, 0], "uv": [-2, 30]},
						{"origin": [-3.5, 1.5, -0.5], "size": [7, 0, 1], "pivot": [0, 1.5, 0.5], "rotation": [-2, 0, 0], "uv": [-1, 52]},
						{"origin": [-3.5, 1.5, 0.5], "size": [7, 0, 2], "pivot": [1.5, 8.5, 0.5], "rotation": [-14.5, 0, 0], "uv": [-2, 32]},
						{"origin": [3.5, 1.5, 0.5], "size": [0, 7, 2], "inflate": 0.01, "pivot": [1.5, 8.5, 0.5], "rotation": [-14.5, 0, 0], "uv": [0, 32]},
						{"origin": [-3.5, 1.5, 0.5], "size": [0, 7, 2], "inflate": 0.01, "pivot": [-1.5, 8.5, 0.5], "rotation": [-14.5, 0, 0], "uv": [4, 32]},
						{"origin": [-3.5, 1.5, -1.5], "size": [7, 2, 2], "inflate": 0.01, "pivot": [-1.5, 8.5, 0.5], "rotation": [-14.5, 0, 0], "uv": [0, 48]}
					]
				},
				{
					"name": "face",
					"parent": "head",
					"pivot": [-0.75, 8.5, -2.5],
					"rotation": [17, 0, 0],
					"cubes": [
						{"origin": [-3.5, 2.5, -5.5], "size": [7, 6, 3], "inflate": 0.02, "uv": [0, 11]}
					]
				},
				{
					"name": "face_rotation",
					"parent": "face",
					"pivot": [0, 1, -3.75],
					"rotation": [0, 45, 0],
					"cubes": [
						{"origin": [-1.25, 2.5, -7.5], "size": [5, 6, 5], "uv": [0, 0]}
					]
				},
				{
					"name": "eye_right",
					"parent": "face_rotation",
					"pivot": [0.25, 5, -7.5],
					"cubes": [
						{"origin": [-1.25, 3.5, -7.51], "size": [3, 2, 0], "uv": [4, 41]}
					]
				},
				{
					"name": "eyebrow_right",
					"parent": "eye_right",
					"pivot": [-1.25, 5, -7.5],
					"cubes": [
						{"origin": [-1.25, 5, -7.53], "size": [3, 2, 0], "uv": [15, 0]}
					]
				},
				{
					"name": "pupil_right",
					"parent": "eye_right",
					"pivot": [0.35, 4.5, -7.5],
					"cubes": [
						{"origin": [-0.15, 4.25, -7.5], "size": [1, 1, 0], "inflate": 0.02, "uv": [0, 0]}
					]
				},
				{
					"name": "eyelid_right",
					"parent": "eye_right",
					"pivot": [0.25, 4.3, -7.4],
					"rotation": [0, 0, 45],
					"cubes": [
						{"origin": [-0.75, 3.3, -7.4], "size": [2, 2, 0], "inflate": 0.02, "uv": [0, 3]}
					]
				},
				{
					"name": "eye_left",
					"parent": "face_rotation",
					"pivot": [3.75, 5, -4],
					"cubes": [
						{"origin": [3.76, 3.5, -5.5], "size": [0, 2, 3], "uv": [10, 38]}
					]
				},
				{
					"name": "eyebrow_left",
					"parent": "eye_left",
					"pivot": [3.75, 5, -2.5],
					"cubes": [
						{"origin": [3.78, 5, -5.5], "size": [0, 2, 3], "uv": [15, -1]}
					]
				},
				{
					"name": "pupil_left",
					"parent": "eye_left",
					"pivot": [3.75, 4.5, -4.1],
					"cubes": [
						{"origin": [3.75, 4.25, -4.6], "size": [0, 1, 1], "inflate": 0.02, "uv": [2, -1]}
					]
				},
				{
					"name": "eyelid_left",
					"parent": "eye_left",
					"pivot": [-0.1, 0.3, -3.5],
					"cubes": [
						{"origin": [3.65, 3.3, -5], "size": [0, 2, 2], "inflate": 0.02, "pivot": [3.65, 4.3, -4], "rotation": [-45, 0, 0], "uv": [0, -1]}
					]
				},
				{
					"name": "attenna_right",
					"parent": "face",
					"pivot": [-1, 6.5, -8],
					"cubes": [
						{"origin": [-1.5, 6.5, -8], "size": [1, 5, 0], "uv": [4, 43]}
					]
				},
				{
					"name": "attenna_right2",
					"parent": "attenna_right",
					"pivot": [-1, 11.5, -8],
					"cubes": [
						{"origin": [-1.5, 11.5, -8], "size": [1, 5, 0], "uv": [6, 43]}
					]
				},
				{
					"name": "attenna_right3",
					"parent": "attenna_right2",
					"pivot": [-1, 16.5, -8],
					"cubes": [
						{"origin": [-1.5, 16.5, -8], "size": [1, 5, 0], "uv": [8, 43]}
					]
				},
				{
					"name": "attenna_left",
					"parent": "face",
					"pivot": [1, 6.5, -8],
					"cubes": [
						{"origin": [0.5, 6.5, -8], "size": [1, 5, 0], "uv": [10, 43]}
					]
				},
				{
					"name": "attenna_left2",
					"parent": "attenna_left",
					"pivot": [1, 11.5, -8],
					"cubes": [
						{"origin": [0.5, 11.5, -8], "size": [1, 5, 0], "uv": [12, 43]}
					]
				},
				{
					"name": "attenna_left3",
					"parent": "attenna_left2",
					"pivot": [1, 16.5, -8],
					"cubes": [
						{"origin": [0.5, 16.5, -8], "size": [1, 5, 0], "uv": [14, 43]}
					]
				},
				{
					"name": "mouth",
					"parent": "face",
					"pivot": [0, 2.5, -9],
					"rotation": [25, 0, 0],
					"cubes": [
						{"origin": [-1, 2.5, -10], "size": [2, 0, 2], "uv": [38, 5]},
						{"origin": [-0.5, 2.5, -11], "size": [1, 0, 1], "uv": [39, 7]},
						{"origin": [0.5, 2.49, -10.5], "size": [2, 0, 3], "pivot": [1, 2.45, -8], "rotation": [0, -35, 0], "uv": [45, 5]},
						{"origin": [-2.5, 2.49, -10.5], "size": [2, 0, 3], "pivot": [-1, 2.45, -8], "rotation": [0, 35, 0], "uv": [41, 5]}
					]
				},
				{
					"name": "left_arm",
					"parent": "head",
					"pivot": [2.75, 2.25, -1.25],
					"cubes": [
						{"origin": [2.25, 1.25, -1.75], "size": [4, 1, 1], "uv": [20, 34]}
					]
				},
				{
					"name": "left_elbow",
					"parent": "left_arm",
					"pivot": [5.75, 1.75, -1.25],
					"cubes": [
						{"origin": [5.75, 0.5, -2.25], "size": [4, 3, 2], "uv": [24, 36]}
					]
				},
				{
					"name": "left_hand",
					"parent": "left_elbow",
					"pivot": [9.75, 3, -1.25],
					"rotation": [0, 0, -55],
					"cubes": [
						{"origin": [7.75, 1, -1.75], "size": [2, 2, 1], "uv": [18, 36]},
						{"origin": [7.75, -1, -1.25], "size": [2, 2, 0], "pivot": [9.75, 1, -1.25], "rotation": [0, 0, 22.5], "uv": [30, 34]}
					]
				},
				{
					"name": "right_arm",
					"parent": "head",
					"pivot": [-2.75, 2.25, -1.25],
					"cubes": [
						{"origin": [-7.25, 1.25, -1.75], "size": [5, 1, 1], "uv": [40, 17]}
					]
				},
				{
					"name": "right_elbow",
					"parent": "right_arm",
					"pivot": [-6.75, 1.75, -1.25],
					"cubes": [
						{"origin": [-7.75, 1, 0.25], "size": [0, 0, 0], "inflate": 0.01, "uv": [2, 44]},
						{"origin": [-6.25, 0, -1.75], "size": [0, 0, 2], "uv": [55, 17]},
						{"origin": [-5.75, -0.5, -3.75], "size": [0, 0, 2], "uv": [54, 28]},
						{"origin": [-7.75, 1.5, -3.75], "size": [0, 0, 0], "inflate": 0.01, "uv": [60, 35]},
						{"origin": [-5.75, -0.5, -7.75], "size": [0, 0, 4], "uv": [40, 27]},
						{"origin": [-11.75, -0.5, -7.75], "size": [0, 0, 4], "uv": [40, 32]},
						{"origin": [-5.75, 4.5, -7.75], "size": [0, 0, 4], "inflate": 0.01, "uv": [42, 24]},
						{"origin": [-5.75, -0.5, -4.75], "size": [0, 0, 1], "uv": [43, 28]},
						{"origin": [-6.25, 4.5, -7.75], "size": [0, 0, 6], "uv": [47, 35]},
						{"origin": [-6.75, 4, -1.75], "size": [0, 0, 2], "uv": [56, 23]},
						{"origin": [-7.25, 4.5, -9.75], "size": [0, 0, 2], "inflate": 0.01, "uv": [43, 19]}
					]
				},
				{
					"name": "right_claw_bend",
					"parent": "right_elbow",
					"pivot": [-8.75, 6.5, -9.75],
					"rotation": [15, 0, 0],
					"cubes": [
						{"origin": [-7.75, 4.5, -11.75], "size": [0, 0, 0], "uv": [60, 15]}
					]
				},
				{
					"name": "right_claw_tip",
					"parent": "right_claw_bend",
					"pivot": [-8.75, 5.5, -11.75],
					"rotation": [15, 0, 0],
					"cubes": [
						{"origin": [-8.75, 4.5, -12.75], "size": [0, 0, 0], "uv": [24, 36]}
					]
				},
				{
					"name": "right_finger",
					"parent": "right_elbow",
					"pivot": [-8.75, 0.75, -4.25],
					"cubes": [
						{"origin": [-7.75, -0.25, -6.25], "size": [0, 0, 0], "uv": [51, 15]}
					]
				},
				{
					"name": "right_finger_bend",
					"parent": "right_finger",
					"pivot": [-8.75, -0.25, -6.25],
					"rotation": [-17.5, 0, 0],
					"cubes": [
						{"origin": [-8.75, -0.25, -9.25], "size": [0, 0, 0], "uv": [61, 38]}
					]
				},
				{
					"name": "tail",
					"parent": "torso",
					"pivot": [0, 4.5, 0.5],
					"cubes": [
						{"origin": [-2.5, 2, -0.5], "size": [5, 5, 5], "uv": [20, 0]}
					]
				},
				{
					"name": "leg_front_left",
					"parent": "tail",
					"pivot": [1.75, 2.25, 2.5],
					"cubes": [
						{"origin": [1.25, 0.25, 2.5], "size": [1, 2, 0], "uv": [21, 23]}
					]
				},
				{
					"name": "knee_front_left",
					"parent": "leg_front_left",
					"pivot": [2.25, 0.25, 2.5],
					"cubes": [
						{"origin": [1.25, -1.75, 2], "size": [1, 2, 1], "uv": [20, 25]}
					]
				},
				{
					"name": "feet_front_left",
					"parent": "knee_front_left",
					"pivot": [2.25, -1.75, 2.5],
					"cubes": [
						{"origin": [1.25, -2.75, 2.5], "size": [1, 1, 0], "uv": [21, 28]}
					]
				},
				{
					"name": "leg_front_right",
					"parent": "tail",
					"pivot": [-1.75, 2.25, 2.5],
					"cubes": [
						{"origin": [-2.25, 0.25, 2.5], "size": [1, 2, 0], "uv": [25, 23]}
					]
				},
				{
					"name": "knee_front_right",
					"parent": "leg_front_right",
					"pivot": [-2.25, 0.25, 2.5],
					"cubes": [
						{"origin": [-2.25, -1.75, 2], "size": [1, 2, 1], "uv": [24, 25]}
					]
				},
				{
					"name": "feet_front_right",
					"parent": "knee_front_right",
					"pivot": [-2.25, -1.75, 2.5],
					"cubes": [
						{"origin": [-2.25, -2.75, 2.5], "size": [1, 1, 0], "uv": [25, 28]}
					]
				},
				{
					"name": "tail2",
					"parent": "tail",
					"pivot": [-0.5, 4.5, 4],
					"cubes": [
						{"origin": [-2, 2.5, 3.5], "size": [4, 4, 4], "uv": [20, 10]}
					]
				},
				{
					"name": "leg_back_left",
					"parent": "tail2",
					"pivot": [1.25, 2.75, 5.5],
					"cubes": [
						{"origin": [0.75, 0.75, 5.5], "size": [1, 2, 0], "uv": [29, 23]}
					]
				},
				{
					"name": "knee_back_left",
					"parent": "leg_back_left",
					"pivot": [1.75, 0.75, 5.5],
					"cubes": [
						{"origin": [0.75, -1.25, 5], "size": [1, 2, 1], "uv": [28, 25]}
					]
				},
				{
					"name": "feet_back_left",
					"parent": "knee_back_left",
					"pivot": [1.75, -1.25, 5.5],
					"cubes": [
						{"origin": [0.75, -2.25, 5.5], "size": [1, 1, 0], "uv": [29, 28]}
					]
				},
				{
					"name": "leg_back_right",
					"parent": "tail2",
					"pivot": [-1.25, 2.75, 5.5],
					"cubes": [
						{"origin": [-1.75, 0.75, 5.5], "size": [1, 2, 0], "uv": [33, 23]}
					]
				},
				{
					"name": "knee_back_right",
					"parent": "leg_back_right",
					"pivot": [-1.75, 0.75, 5.5],
					"cubes": [
						{"origin": [-1.75, -1.25, 5], "size": [1, 2, 1], "uv": [32, 25]}
					]
				},
				{
					"name": "feet_back_right",
					"parent": "knee_back_right",
					"pivot": [-1.75, -1.25, 5.5],
					"cubes": [
						{"origin": [-1.75, -2.25, 5.5], "size": [1, 1, 0], "uv": [33, 28]}
					]
				},
				{
					"name": "tail3",
					"parent": "tail2",
					"pivot": [-1, 4.25, 7],
					"cubes": [
						{"origin": [-1.5, 3.25, 7], "size": [3, 2, 3], "uv": [17, 18]}
					]
				},
				{
					"name": "tail4",
					"parent": "tail3",
					"pivot": [-1, 4.25, 10],
					"cubes": [
						{"origin": [-2, 4.25, 10], "size": [2, 0, 4], "pivot": [0, 4.75, 10], "rotation": [0, -12.5, 0], "uv": [35, 0]},
						{"origin": [0, 4.25, 10], "size": [2, 0, 4], "pivot": [0, 4.75, 10], "rotation": [0, 12.5, 0], "uv": [31, 0]}
					]
				}
			]
		}
	]
}