{
	"format_version": "1.12.0",
	"minecraft:geometry": [
		{
			"description": {
				"identifier": "geometry.comfey",
				"texture_width": 128,
				"texture_height": 64,
				"visible_bounds_width": 13,
				"visible_bounds_height": 2.5,
				"visible_bounds_offset": [0, 0.75, 0]
			},
			"bones": [
				{
					"name": "comfey",
					"pivot": [0, 0, 0]
				},
				{
					"name": "body",
					"parent": "comfey",
					"pivot": [0, 4, 0]
				},
				{
					"name": "spin",
					"parent": "body",
					"pivot": [0, -10, 8]
				},
				{
					"name": "head",
					"parent": "spin",
					"pivot": [0, 5, 4],
					"cubes": [
						{"origin": [-4, 0, -4], "size": [8, 8, 8], "uv": [36, 40]}
					]
				},
				{
					"name": "mouth",
					"parent": "head",
					"pivot": [0, 2.75, -3.91],
					"cubes": [
						{"origin": [-1, 0.75, -3.91], "size": [2, 2, 0], "uv": [6, 6]}
					]
				},
				{
					"name": "arm_left",
					"parent": "head",
					"pivot": [4, 2.5, -1],
					"cubes": [
						{"origin": [4, 2.5, -3], "size": [4, 0, 4], "uv": [31, 44]}
					]
				},
				{
					"name": "arm_left2",
					"parent": "arm_left",
					"pivot": [8, 2.5, -1],
					"cubes": [
						{"origin": [8, 2.5, -3.5], "size": [6, 0, 5], "uv": [26, 56]}
					]
				},
				{
					"name": "arm_right",
					"parent": "head",
					"pivot": [-4, 2.5, -1],
					"cubes": [
						{"origin": [-8, 2.5, -3], "size": [4, 0, 4], "uv": [31, 40]}
					]
				},
				{
					"name": "arm_right2",
					"parent": "arm_right",
					"pivot": [-8, 2.5, -1],
					"cubes": [
						{"origin": [-14, 2.5, -3.5], "size": [6, 0, 5], "uv": [14, 52]}
					]
				},
				{
					"name": "fluff",
					"parent": "head",
					"pivot": [0, 0, 0],
					"cubes": [
						{"origin": [-4.5, 6, -4.5], "size": [9, 3, 9], "inflate": 0.01, "uv": [0, 40]}
					]
				},
				{
					"name": "fluff_top_left",
					"parent": "fluff",
					"pivot": [4.5, 9, 0],
					"cubes": [
						{"origin": [4, 9, -4.5], "size": [2, 0, 9], "uv": [-5, 31]}
					]
				},
				{
					"name": "fluff_bottom_left",
					"parent": "fluff",
					"pivot": [4.5, 6, 0],
					"cubes": [
						{"origin": [4, 6, -4.5], "size": [2, 0, 9], "uv": [-9, 31]}
					]
				},
				{
					"name": "fluff_bottom_right",
					"parent": "fluff",
					"pivot": [-4.5, 6, 0],
					"cubes": [
						{"origin": [-6, 6, -4.5], "size": [2, 0, 9], "uv": [-9, 40]}
					]
				},
				{
					"name": "fluff_top_right",
					"parent": "fluff",
					"pivot": [-4.5, 9, 0],
					"cubes": [
						{"origin": [-6, 9, -4.5], "size": [2, 0, 9], "uv": [-5, 40]}
					]
				},
				{
					"name": "left_eye",
					"parent": "head",
					"pivot": [2, 2.5, -4],
					"cubes": [
						{"origin": [1, 2.5, -4.01], "size": [2, 3, 0], "uv": [6, 3]}
					]
				},
				{
					"name": "left_eyelid",
					"parent": "left_eye",
					"pivot": [2, 2.5, -3.9],
					"cubes": [
						{"origin": [1, 2.5, -3.91], "size": [2, 3, 1], "inflate": 0.01, "uv": [0, 4]}
					]
				},
				{
					"name": "right_eye",
					"parent": "head",
					"pivot": [-2, 2.5, -4],
					"cubes": [
						{"origin": [-3, 2.5, -4.01], "size": [2, 3, 0], "uv": [6, 0]}
					]
				},
				{
					"name": "right_eyelid",
					"parent": "right_eye",
					"pivot": [-2, 2.5, -3.9],
					"cubes": [
						{"origin": [-3, 2.5, -3.91], "size": [2, 3, 1], "inflate": 0.01, "uv": [0, 0]}
					]
				},
				{
					"name": "ponytail",
					"parent": "head",
					"pivot": [0, 7.5, -4],
					"cubes": [
						{"origin": [-2, 7.5, -5], "size": [4, 4, 7], "uv": [50, 12]}
					]
				},
				{
					"name": "ponytail2",
					"parent": "ponytail",
					"pivot": [0, 11.5, 2],
					"cubes": [
						{"origin": [-1.5, 7.5, 1], "size": [3, 4, 8], "inflate": -0.01, "uv": [50, 0]}
					]
				},
				{
					"name": "ponytail3",
					"parent": "ponytail2",
					"pivot": [0, 11.5, 9],
					"cubes": [
						{"origin": [-1, 7.5, 8], "size": [2, 4, 8], "inflate": -0.02, "uv": [50, 23]}
					]
				},
				{
					"name": "ponytail_front",
					"parent": "ponytail",
					"pivot": [-1.5, 7.5, -5],
					"cubes": [
						{"origin": [-1.5, 7.5, -5.01], "size": [5, 6, 0], "uv": [43, 56]}
					]
				},
				{
					"name": "tail",
					"parent": "spin",
					"pivot": [0, 5, 4],
					"cubes": [
						{"origin": [-0.5, 5, 4], "size": [1, 0, 9], "uv": [8, 52]}
					]
				},
				{
					"name": "tail2",
					"parent": "tail",
					"pivot": [0, 5, 13],
					"cubes": [
						{"origin": [-0.5, 5, 13], "size": [1, 0, 9], "uv": [6, 52]}
					]
				},
				{
					"name": "tail3",
					"parent": "tail2",
					"pivot": [0, 5, 22],
					"cubes": [
						{"origin": [-0.5, 5, 22], "size": [1, 0, 9], "uv": [4, 52]}
					]
				},
				{
					"name": "flower",
					"parent": "tail3",
					"pivot": [0, 5.01, 26],
					"cubes": [
						{"origin": [5, 5.01, 21], "size": [0, 0, 0], "uv": [40, 40]}
					]
				},
				{
					"name": "tail4",
					"parent": "tail3",
					"pivot": [0, 5, 31],
					"cubes": [
						{"origin": [-0.5, 5, 31], "size": [1, 0, 9], "uv": [2, 52]}
					]
				},
				{
					"name": "tail5",
					"parent": "tail4",
					"pivot": [0, 5, 40],
					"cubes": [
						{"origin": [-0.5, 5, 40], "size": [1, 0, 9], "uv": [0, 52]}
					]
				},
				{
					"name": "tail6",
					"parent": "tail5",
					"pivot": [0, 5, 49],
					"cubes": [
						{"origin": [-0.5, 5, 49], "size": [1, 0, 9], "uv": [51, 35]}
					]
				},
				{
					"name": "tail7",
					"parent": "tail6",
					"pivot": [0, 5, 58],
					"cubes": [
						{"origin": [-0.5, 5, 58], "size": [1, 0, 9], "uv": [24, 40]}
					]
				},
				{
					"name": "tail8",
					"parent": "tail7",
					"pivot": [0, 5, 67],
					"cubes": [
						{"origin": [-0.5, 5, 67], "size": [1, 0, 9], "uv": [22, 40]}
					]
				},
				{
					"name": "tail9",
					"parent": "tail8",
					"pivot": [0, 5, 76],
					"cubes": [
						{"origin": [-0.5, 5, 76], "size": [1, 0, 9], "uv": [20, 40]}
					]
				},
				{
					"name": "tail10",
					"parent": "tail9",
					"pivot": [0, 5, 85],
					"cubes": [
						{"origin": [-0.5, 5, 85], "size": [1, 0, 9], "uv": [18, 40]}
					]
				},
				{
					"name": "flower8",
					"parent": "tail10",
					"pivot": [0, 5.01, 89],
					"cubes": [
						{"origin": [5, 5.01, 84], "size": [0, 0, 0], "uv": [20, 10]}
					]
				},
				{
					"name": "flower7",
					"parent": "tail9",
					"pivot": [0, 5.01, 80],
					"cubes": [
						{"origin": [5, 5.01, 75], "size": [0, 0, 0], "uv": [20, 20]}
					]
				},
				{
					"name": "flower6",
					"parent": "tail8",
					"pivot": [0, 5.01, 71],
					"cubes": [
						{"origin": [5, 5.01, 66], "size": [0, 0, 0], "uv": [20, 30]}
					]
				},
				{
					"name": "flower5",
					"parent": "tail7",
					"pivot": [0, 5.01, 62],
					"cubes": [
						{"origin": [5, 5.01, 57], "size": [0, 0, 0], "uv": [40, 10]}
					]
				},
				{
					"name": "flower4",
					"parent": "tail6",
					"pivot": [0, 5.01, 53],
					"cubes": [
						{"origin": [5, 5.01, 48], "size": [0, 0, 0], "uv": [40, 20]}
					]
				},
				{
					"name": "flower3",
					"parent": "tail5",
					"pivot": [0, 5.01, 44],
					"cubes": [
						{"origin": [5, 5.01, 39], "size": [0, 0, 0], "uv": [40, 30]}
					]
				},
				{
					"name": "flower2",
					"parent": "tail4",
					"pivot": [0, 5.01, 35],
					"cubes": [
						{"origin": [5, 5.01, 30], "size": [0, 0, 0], "uv": [20, 40]}
					]
				}
			]
		}
	]
}