{
	"format_version": "1.12.0",
	"minecraft:geometry": [
		{
			"description": {
				"identifier": "geometry.cottonee",
				"texture_width": 64,
				"texture_height": 64,
				"visible_bounds_width": 3,
				"visible_bounds_height": 2.5,
				"visible_bounds_offset": [0, 0.75, 0]
			},
			"bones": [
				{
					"name": "cottonee",
					"pivot": [0, 0, 0]
				},
				{
					"name": "body",
					"parent": "cottonee",
					"pivot": [0, 5.5, 0]
				},
				{
					"name": "head",
					"parent": "body",
					"pivot": [0, 3.5, 0],
					"cubes": [
						{"origin": [-4.5, 3.25, -4], "size": [9, 5, 8], "uv": [0, 0]},
						{"origin": [-5.5, 2.75, 0.5], "size": [11, 6, 6], "uv": [0, 13]},
						{"origin": [-4.5, 1.25, 6.51], "size": [9, 9, 0], "uv": [30, 32]}
					]
				},
				{
					"name": "eye_right",
					"parent": "head",
					"pivot": [-2.47352, 5.52448, -4.01],
					"cubes": [
						{"origin": [-3.47352, 4.02448, -4.01], "size": [2, 3, 0], "uv": [0, 3]}
					]
				},
				{
					"name": "eyelid_right",
					"parent": "eye_right",
					"pivot": [-2.47352, 5.52448, -4.01],
					"cubes": [
						{"origin": [-3.47352, 4.02448, -3.91], "size": [2, 3, 0], "inflate": 0.01, "uv": [60, 41]}
					]
				},
				{
					"name": "eye_left",
					"parent": "head",
					"pivot": [2.47352, 5.52448, -4.01],
					"cubes": [
						{"origin": [1.47352, 4.02448, -4.01], "size": [2, 3, 0], "uv": [0, 0]}
					]
				},
				{
					"name": "eyelid_left",
					"parent": "eye_left",
					"pivot": [2.47352, 5.52448, -4.01],
					"cubes": [
						{"origin": [1.47352, 4.02448, -3.91], "size": [2, 3, 0], "inflate": 0.01, "uv": [60, 38]}
					]
				},
				{
					"name": "ninbus_top",
					"parent": "head",
					"pivot": [0, 9, 0],
					"cubes": [
						{"origin": [-2, 7, 3], "size": [4, 3, 3], "uv": [0, 55]},
						{"origin": [-4, 6.5, -3], "size": [8, 5, 6], "uv": [28, 7]},
						{"origin": [-5.75, 7, -2.5], "size": [3, 3, 5], "uv": [27, 41]},
						{"origin": [2.75, 7, -2.5], "size": [3, 3, 5], "uv": [39, 18]},
						{"origin": [-6.25, 7.5, -4.75], "size": [4, 3, 3], "pivot": [-4, 9.25, -4.5], "rotation": [0, 45, 0], "uv": [50, 6]},
						{"origin": [2.25, 7.5, -4.75], "size": [4, 3, 3], "pivot": [4, 9.25, -4.5], "rotation": [0, -45, 0], "uv": [50, 0]},
						{"origin": [6.25, 7.5, 1.75], "size": [0, 0, 0], "pivot": [4, 9.25, 4.5], "rotation": [0, 45, 0], "uv": [7, 52]},
						{"origin": [-2.25, 7.5, 1.75], "size": [0, 0, 0], "pivot": [-4, 9.25, 4.5], "rotation": [0, -45, 0], "uv": [29, 52]},
						{"origin": [-2, 7, -6], "size": [4, 3, 3], "uv": [11, 52]}
					]
				},
				{
					"name": "ninbus_bottom",
					"parent": "head",
					"pivot": [0, 3, 0],
					"cubes": [
						{"origin": [-2, 1.5, 3], "size": [4, 3, 3], "uv": [48, 32]},
						{"origin": [-4, 0, -3.5], "size": [8, 3, 7], "uv": [0, 25]},
						{"origin": [-5.75, 0.5, -2.5], "size": [3, 3, 5], "uv": [16, 36]},
						{"origin": [2.75, 0.5, -2.5], "size": [3, 3, 5], "uv": [0, 35]},
						{"origin": [-6.25, 1, -4.75], "size": [4, 3, 3], "pivot": [-4, 2.25, -4.5], "rotation": [0, 45, 0], "uv": [22, 55]},
						{"origin": [2.25, 1, -4.75], "size": [4, 3, 3], "pivot": [4, 2.25, -4.5], "rotation": [0, -45, 0], "uv": [47, 26]},
						{"origin": [2.25, 1, 1.75], "size": [4, 3, 3], "pivot": [4, 2.25, 4.5], "rotation": [0, 45, 0], "uv": [11, 46]},
						{"origin": [-6.25, 1, 1.75], "size": [4, 3, 3], "pivot": [-4, 2.25, 4.5], "rotation": [0, -45, 0], "uv": [43, 41]},
						{"origin": [-2, 1.5, -6], "size": [4, 3, 3], "uv": [0, 43]}
					]
				},
				{
					"name": "left_wing",
					"parent": "body",
					"pivot": [4.5, 7.5, -0.5],
					"cubes": [
						{"origin": [4, 7.5, -0.5], "size": [4, 0, 7], "pivot": [6, 7.5, -0.5], "rotation": [-55, 0, 0], "uv": [27, 0]},
						{"origin": [4, 7.5, -5.5], "size": [4, 0, 5], "pivot": [6, 7.5, -0.5], "rotation": [55, 0, 0], "uv": [37, 0]}
					]
				},
				{
					"name": "left_wing2",
					"parent": "left_wing",
					"pivot": [8, 3.5, -0.5],
					"cubes": [
						{"origin": [8, 7.5, -0.5], "size": [4, 0, 5], "pivot": [10, 7.5, -0.5], "rotation": [-55, 0, 0], "uv": [26, 27]},
						{"origin": [8, 7.5, -5.5], "size": [4, 0, 5], "pivot": [10, 7.5, -0.5], "rotation": [55, 0, 0], "uv": [6, 35]}
					]
				},
				{
					"name": "right_wing",
					"parent": "body",
					"pivot": [-4.5, 7.5, -0.5],
					"cubes": [
						{"origin": [-8, 7.5, -0.5], "size": [4, 0, 5], "pivot": [-6, 7.5, -0.5], "rotation": [-55, 0, 0], "uv": [18, 27]},
						{"origin": [-8, 7.5, -5.5], "size": [4, 0, 5], "pivot": [-6, 7.5, -0.5], "rotation": [55, 0, 0], "uv": [34, 26]}
					]
				},
				{
					"name": "right_wing2",
					"parent": "right_wing",
					"pivot": [-8, 3.5, -0.5],
					"cubes": [
						{"origin": [-12, 7.5, -0.5], "size": [4, 0, 5], "pivot": [-10, 7.5, -0.5], "rotation": [-55, 0, 0], "uv": [21, 2]},
						{"origin": [-12, 7.5, -5.5], "size": [4, 0, 5], "pivot": [-10, 7.5, -0.5], "rotation": [55, 0, 0], "uv": [29, 18]}
					]
				}
			]
		}
	]
}