{
	"format_version": "1.12.0",
	"minecraft:geometry": [
		{
			"description": {
				"identifier": "geometry.gholdengo",
				"texture_width": 128,
				"texture_height": 64,
				"visible_bounds_width": 4,
				"visible_bounds_height": 4.5,
				"visible_bounds_offset": [0, 1.75, 0]
			},
			"bones": [
				{
					"name": "gholdengo",
					"pivot": [0, 0, 0]
				},
				{
					"name": "body",
					"parent": "gholdengo",
					"pivot": [0, 21.5, 0]
				},
				{
					"name": "torso",
					"parent": "body",
					"pivot": [0, 8, 0],
					"cubes": [
						{"origin": [-4.5, 8, -3], "size": [9, 7, 6], "inflate": 0.02, "uv": [0, 44]},
						{"origin": [-4.5, 12.6, -3], "size": [9, 1, 6], "inflate": 0.03, "uv": [0, 57]},
						{"origin": [4, 9, -3], "size": [2, 2, 6], "inflate": 0.01, "uv": [24, 51]},
						{"origin": [4, 11, -3], "size": [2, 4, 6], "pivot": [6, 11, 0], "rotation": [0, 0, -22.5], "uv": [24, 40]},
						{"origin": [-6, 9, -3], "size": [2, 2, 6], "inflate": 0.01, "uv": [34, 54], "mirror": true},
						{"origin": [-6, 11, -3], "size": [2, 4, 6], "pivot": [-6, 11, 0], "rotation": [0, 0, 22.5], "uv": [34, 44], "mirror": true}
					]
				},
				{
					"name": "belt",
					"parent": "torso",
					"pivot": [0, 9.5, 0],
					"rotation": [0, 0, -12.5],
					"cubes": [
						{"origin": [6.5, 8, -3.5], "size": [0, 3, 7], "inflate": 0.01, "uv": [44, 25]},
						{"origin": [-6.5, 8, -3.5], "size": [0, 3, 7], "inflate": 0.01, "uv": [44, 28], "mirror": true},
						{"origin": [-6.5, 8, -3.5], "size": [13, 3, 0], "inflate": 0.01, "uv": [40, 26]},
						{"origin": [-6.5, 8, 3.5], "size": [13, 3, 0], "inflate": 0.01, "uv": [40, 29]}
					]
				},
				{
					"name": "belt_coin",
					"parent": "belt",
					"pivot": [-5, 9.5, -3.9],
					"rotation": [0, 15, 0],
					"cubes": [
						{"origin": [-7, 7.5, -4.45], "size": [4, 4, 1], "uv": [84, 19]}
					]
				},
				{
					"name": "belt_chest",
					"parent": "belt",
					"pivot": [5.5, 9.5, 3],
					"rotation": [0, 15, 0],
					"cubes": [
						{"origin": [3.5, 7, 3], "size": [4, 5, 2], "uv": [82, 0]}
					]
				},
				{
					"name": "belt_chest_top",
					"parent": "belt_chest",
					"pivot": [3.5, 9.5, 4.7],
					"cubes": [
						{"origin": [3.5, 7, 4.7], "size": [4, 5, 2], "inflate": 0.05, "uv": [78, 10]}
					]
				},
				{
					"name": "waist",
					"parent": "torso",
					"pivot": [0, 15, 0],
					"cubes": [
						{"origin": [-3.5, 14.5, -3], "size": [7, 4, 6], "inflate": 0.01, "uv": [18, 29]}
					]
				},
				{
					"name": "chest",
					"parent": "waist",
					"pivot": [0, 18.5, 0.3],
					"cubes": [
						{"origin": [-2.5, 18, -2.3], "size": [5, 5, 5], "inflate": 0.01, "uv": [0, 34]}
					]
				},
				{
					"name": "arms",
					"parent": "chest",
					"pivot": [0, 21, 0.3]
				},
				{
					"name": "arm_left",
					"parent": "arms",
					"pivot": [2.5, 21.5, 0.2],
					"cubes": [
						{"origin": [1.5, 21, -0.3], "size": [7, 1, 1], "uv": [50, 49]}
					]
				},
				{
					"name": "arm_left2",
					"parent": "arm_left",
					"pivot": [8.5, 22, 0.7],
					"cubes": [
						{"origin": [8.5, 20.5, -0.8], "size": [2, 2, 2], "uv": [48, 53]},
						{"origin": [10.5, 19.7, -1.3], "size": [6, 3, 3], "inflate": 0.01, "uv": [90, 56]}
					]
				},
				{
					"name": "fingers_left",
					"parent": "arm_left2",
					"pivot": [16.5, 22.7, 0.2]
				},
				{
					"name": "finger1_left",
					"parent": "fingers_left",
					"pivot": [16.5, 21.2, 1.2],
					"cubes": [
						{"origin": [16, 20.7, 0.7], "size": [3, 1, 1], "uv": [90, 52]}
					]
				},
				{
					"name": "finger1_left2",
					"parent": "finger1_left",
					"pivot": [18.7, 21.2, 1.2],
					"cubes": [
						{"origin": [18.7, 20.7, 0.7], "size": [2, 1, 1], "inflate": 0.01, "uv": [98, 52]}
					]
				},
				{
					"name": "finger2_left",
					"parent": "fingers_left",
					"pivot": [16.5, 22, 0.2],
					"cubes": [
						{"origin": [16, 21.5, -0.3], "size": [3, 1, 1], "uv": [90, 48]}
					]
				},
				{
					"name": "finger2_left2",
					"parent": "finger2_left",
					"pivot": [18.7, 22, 0.2],
					"cubes": [
						{"origin": [18.7, 21.5, -0.3], "size": [2, 1, 1], "inflate": 0.01, "uv": [98, 48]}
					]
				},
				{
					"name": "finger3_left",
					"parent": "fingers_left",
					"pivot": [16.5, 21.2, -0.8],
					"cubes": [
						{"origin": [16, 20.7, -1.3], "size": [3, 1, 1], "uv": [90, 44]}
					]
				},
				{
					"name": "finger3_left2",
					"parent": "finger3_left",
					"pivot": [18.7, 21.2, -0.8],
					"cubes": [
						{"origin": [18.7, 20.7, -1.3], "size": [2, 1, 1], "inflate": 0.01, "uv": [98, 44]}
					]
				},
				{
					"name": "arm_right",
					"parent": "arms",
					"pivot": [-2.5, 21.5, 0.2],
					"cubes": [
						{"origin": [-8.5, 21, -0.3], "size": [7, 1, 1], "uv": [50, 51], "mirror": true}
					]
				},
				{
					"name": "arm_right2",
					"parent": "arm_right",
					"pivot": [-8.5, 22, 0.7],
					"cubes": [
						{"origin": [-10.5, 20.5, -0.8], "size": [2, 2, 2], "uv": [56, 53], "mirror": true},
						{"origin": [-16.5, 19.7, -1.3], "size": [6, 3, 3], "inflate": 0.01, "uv": [108, 56], "mirror": true}
					]
				},
				{
					"name": "fingers_right",
					"parent": "arm_right2",
					"pivot": [-16.5, 22.7, 0.2]
				},
				{
					"name": "finger1_right",
					"parent": "fingers_right",
					"pivot": [-16.5, 21.2, 1.2],
					"cubes": [
						{"origin": [-19, 20.7, 0.7], "size": [3, 1, 1], "uv": [90, 54], "mirror": true}
					]
				},
				{
					"name": "finger1_right2",
					"parent": "finger1_right",
					"pivot": [-18.7, 21.2, 1.2],
					"cubes": [
						{"origin": [-20.7, 20.7, 0.7], "size": [2, 1, 1], "inflate": 0.01, "uv": [98, 54], "mirror": true}
					]
				},
				{
					"name": "finger2_right",
					"parent": "fingers_right",
					"pivot": [-16.5, 22, 0.2],
					"cubes": [
						{"origin": [-19, 21.5, -0.3], "size": [3, 1, 1], "uv": [90, 50], "mirror": true}
					]
				},
				{
					"name": "finger2_right2",
					"parent": "finger2_right",
					"pivot": [-18.7, 22, 0.2],
					"cubes": [
						{"origin": [-20.7, 21.5, -0.3], "size": [2, 1, 1], "inflate": 0.01, "uv": [98, 50], "mirror": true}
					]
				},
				{
					"name": "finger3_right",
					"parent": "fingers_right",
					"pivot": [-16.5, 21.2, -0.8],
					"cubes": [
						{"origin": [-19, 20.7, -1.3], "size": [3, 1, 1], "uv": [90, 46], "mirror": true}
					]
				},
				{
					"name": "finger3_right2",
					"parent": "finger3_right",
					"pivot": [-18.7, 21.2, -0.8],
					"cubes": [
						{"origin": [-20.7, 20.7, -1.3], "size": [2, 1, 1], "inflate": 0.01, "uv": [98, 46], "mirror": true}
					]
				},
				{
					"name": "neck",
					"parent": "chest",
					"pivot": [0, 22.9, 0.3],
					"cubes": [
						{"origin": [-2.5, 22.5, -2.3], "size": [5, 3, 5], "uv": [36, 2]}
					]
				},
				{
					"name": "head",
					"parent": "neck",
					"pivot": [0, 24.9, 0],
					"cubes": [
						{"origin": [-3, 25, -3], "size": [6, 8, 6], "inflate": 0.01, "uv": [0, 0]},
						{"origin": [-3, 29.6, -3], "size": [6, 1, 6], "inflate": 0.015, "uv": [88, 1]}
					]
				},
				{
					"name": "eyes",
					"parent": "head",
					"pivot": [0, 30, 0]
				},
				{
					"name": "eye_left",
					"parent": "eyes",
					"pivot": [1.6, 30.1, -3.02],
					"cubes": [
						{"origin": [0.6, 28.6, -3.03], "size": [2, 3, 0], "uv": [0, 0]}
					]
				},
				{
					"name": "pupil_left",
					"parent": "eye_left",
					"pivot": [1.6, 30.1, -3.04],
					"cubes": [
						{"origin": [1.1, 29.1, -3.04], "size": [1, 2, 0], "uv": [4, 0]}
					]
				},
				{
					"name": "eyelid_left",
					"parent": "eye_left",
					"pivot": [1.6, 30.1, -2.44],
					"cubes": [
						{"origin": [0.6, 28.6, -2.94], "size": [2, 3, 1], "inflate": 0.01, "uv": [40, 10]}
					]
				},
				{
					"name": "eye_right",
					"parent": "eyes",
					"pivot": [-1.6, 30.1, -3.02],
					"cubes": [
						{"origin": [-2.6, 28.6, -3.03], "size": [2, 3, 0], "uv": [0, 3], "mirror": true}
					]
				},
				{
					"name": "pupil_right",
					"parent": "eye_right",
					"pivot": [-1.6, 30.1, -3.04],
					"cubes": [
						{"origin": [-2.1, 29.1, -3.04], "size": [1, 2, 0], "uv": [4, 2], "mirror": true}
					]
				},
				{
					"name": "eyelid_right",
					"parent": "eye_right",
					"pivot": [-1.6, 30.1, -2.44],
					"cubes": [
						{"origin": [-2.6, 28.6, -2.94], "size": [2, 3, 1], "inflate": 0.01, "uv": [40, 14], "mirror": true}
					]
				},
				{
					"name": "mouth",
					"parent": "head",
					"pivot": [0.6, 26.95, -3.02],
					"rotation": [0, 0, -15]
				},
				{
					"name": "mouth_open",
					"parent": "mouth",
					"pivot": [0.6, 26.95, -3.02],
					"cubes": [
						{"origin": [-1.4, 25.95, -3.02], "size": [4, 2, 0], "uv": [18, 0]}
					]
				},
				{
					"name": "teeth_open",
					"parent": "mouth_open",
					"pivot": [1.1, 27.95, -3.025],
					"rotation": [-10, 0, 0],
					"cubes": [
						{"origin": [0.6, 27.47, -3.021], "size": [1, 1, 0], "pivot": [1.1, 27.95, -3.03], "rotation": [0, 0, -45], "uv": [18, 4]}
					]
				},
				{
					"name": "mouth_closed",
					"parent": "mouth",
					"pivot": [0.6, 26.95, -2.92],
					"cubes": [
						{"origin": [-1.4, 25.95, -2.92], "size": [4, 2, 0], "uv": [18, 2]}
					]
				},
				{
					"name": "hair",
					"parent": "head",
					"pivot": [0, 33, 0]
				},
				{
					"name": "hair_left",
					"parent": "hair",
					"pivot": [2, 33, 0],
					"cubes": [
						{"origin": [2.5, 32.4, -0.5], "size": [0, 0, 0], "uv": [2, 15]}
					]
				},
				{
					"name": "hair_left2",
					"parent": "hair_left",
					"pivot": [2, 34.5, 0],
					"cubes": [
						{"origin": [3, 34.5, -1], "size": [0, 0, 0], "uv": [12, 16]}
					]
				},
				{
					"name": "hair_left3",
					"parent": "hair_left2",
					"pivot": [2, 36, 0],
					"cubes": [
						{"origin": [3.5, 36, -1.5], "size": [0, 0, 0], "uv": [6, 25]}
					]
				},
				{
					"name": "hair_left4",
					"parent": "hair_left3",
					"pivot": [2, 39, 0],
					"cubes": [
						{"origin": [4, 38.5, -2], "size": [0, 0, 0], "inflate": 0.01, "uv": [32, 4]}
					]
				},
				{
					"name": "hair_inner_left",
					"parent": "hair",
					"pivot": [0.75, 33, 0],
					"cubes": [
						{"origin": [1.25, 32.4, -0.5], "size": [0, 0, 0], "inflate": 0.01, "uv": [6, 15]}
					]
				},
				{
					"name": "hair_inner_left2",
					"parent": "hair_inner_left",
					"pivot": [0.75, 34.5, 0],
					"cubes": [
						{"origin": [1.75, 34.5, -1], "size": [0, 0, 0], "inflate": 0.01, "uv": [20, 16]}
					]
				},
				{
					"name": "hair_inner_left3",
					"parent": "hair_inner_left2",
					"pivot": [0.75, 36, 0],
					"cubes": [
						{"origin": [2.25, 36, -1.5], "size": [0, 0, 0], "inflate": 0.01, "uv": [18, 25]}
					]
				},
				{
					"name": "hair_inner_left4",
					"parent": "hair_inner_left3",
					"pivot": [0.75, 39, 0],
					"cubes": [
						{"origin": [2.75, 38.5, -2], "size": [0, 0, 0], "inflate": 0.02, "uv": [32, 18]}
					]
				},
				{
					"name": "hair_right",
					"parent": "hair",
					"pivot": [-2, 33, 0],
					"cubes": [
						{"origin": [-1.5, 32.4, -0.5], "size": [0, 0, 0], "uv": [2, 19], "mirror": true}
					]
				},
				{
					"name": "hair_right2",
					"parent": "hair_right",
					"pivot": [-2, 34.5, 0],
					"cubes": [
						{"origin": [-1, 34.5, -1], "size": [0, 0, 0], "uv": [12, 20], "mirror": true}
					]
				},
				{
					"name": "hair_right3",
					"parent": "hair_right2",
					"pivot": [-2, 36, 0],
					"cubes": [
						{"origin": [-0.5, 36, -1.5], "size": [0, 0, 0], "uv": [6, 31], "mirror": true}
					]
				},
				{
					"name": "hair_right4",
					"parent": "hair_right3",
					"pivot": [-2, 39, 0],
					"cubes": [
						{"origin": [0, 38.5, -2], "size": [0, 0, 0], "inflate": 0.01, "uv": [32, 11], "mirror": true}
					]
				},
				{
					"name": "hair_inner_right",
					"parent": "hair",
					"pivot": [-0.75, 33, 0],
					"cubes": [
						{"origin": [-0.25, 32.4, -0.5], "size": [0, 0, 0], "inflate": 0.02, "uv": [6, 19], "mirror": true}
					]
				},
				{
					"name": "hair_inner_right2",
					"parent": "hair_inner_right",
					"pivot": [-0.75, 34.5, 0],
					"cubes": [
						{"origin": [0.25, 34.5, -1], "size": [0, 0, 0], "inflate": 0.02, "uv": [20, 20], "mirror": true}
					]
				},
				{
					"name": "hair_inner_right3",
					"parent": "hair_inner_right2",
					"pivot": [-0.75, 36, 0],
					"cubes": [
						{"origin": [0.75, 36, -1.5], "size": [0, 0, 0], "inflate": 0.02, "uv": [18, 31], "mirror": true}
					]
				},
				{
					"name": "hair_inner_right4",
					"parent": "hair_inner_right3",
					"pivot": [-0.75, 39, 0],
					"cubes": [
						{"origin": [1.25, 38.5, -2], "size": [0, 0, 0], "inflate": 0.03, "uv": [32, 25], "mirror": true}
					]
				},
				{
					"name": "legs",
					"parent": "body",
					"pivot": [0, 10.5, 0]
				},
				{
					"name": "leg_left",
					"parent": "legs",
					"pivot": [3.5, 10, 0],
					"cubes": [
						{"origin": [1, 5, -3], "size": [5, 5, 6], "uv": [50, 4]}
					]
				},
				{
					"name": "leg_left2",
					"parent": "leg_left",
					"pivot": [3.5, 5, -3],
					"cubes": [
						{"origin": [1, 2, -3], "size": [5, 3, 6], "inflate": 0.02, "uv": [66, 1]}
					]
				},
				{
					"name": "feet_left",
					"parent": "leg_left2",
					"pivot": [3.5, 2, -3]
				},
				{
					"name": "feet_left_rotation",
					"parent": "feet_left",
					"pivot": [3.5, 2, 3],
					"cubes": [
						{"origin": [1, 0, -3], "size": [5, 2, 6], "inflate": 0.03, "uv": [84, 11]}
					]
				},
				{
					"name": "leg_right",
					"parent": "legs",
					"pivot": [-3.5, 10, 0],
					"cubes": [
						{"origin": [-6, 5, -3], "size": [5, 5, 6], "uv": [40, 15], "mirror": true}
					]
				},
				{
					"name": "leg_right2",
					"parent": "leg_right",
					"pivot": [-3.5, 5, -3],
					"cubes": [
						{"origin": [-6, 2, -3], "size": [5, 3, 6], "inflate": 0.02, "uv": [62, 15], "mirror": true}
					]
				},
				{
					"name": "feet_right",
					"parent": "leg_right2",
					"pivot": [-3.5, 2, -3]
				},
				{
					"name": "feet_right_rotation",
					"parent": "feet_right",
					"pivot": [-3.5, 2, 3],
					"cubes": [
						{"origin": [-6, 0, -3], "size": [5, 2, 6], "inflate": 0.03, "uv": [44, 41], "mirror": true}
					]
				},
				{
					"name": "surfboard",
					"parent": "body",
					"pivot": [0, 0, 0]
				},
				{
					"name": "surfboard_rotation",
					"parent": "surfboard",
					"pivot": [0, 0, 0],
					"rotation": [0, 90, 0],
					"cubes": [
						{"origin": [-6, -1, -17], "size": [12, 1, 38], "inflate": 0.01, "uv": [28, 24]},
						{"origin": [-6, 0, 17], "size": [4, 1, 4], "uv": [106, 0]},
						{"origin": [-5, 0, 7], "size": [4, 1, 4], "uv": [112, 5]},
						{"origin": [2, 0, 0], "size": [4, 2, 4], "uv": [100, 11]},
						{"origin": [-5, 0, -9], "size": [4, 3, 4], "uv": [112, 13]},
						{"origin": [0, 0, -14], "size": [4, 2, 4], "uv": [100, 19]},
						{"origin": [2, -1, -19], "size": [4, 4, 4], "uv": [90, 25]},
						{"origin": [-2, -1, -21], "size": [4, 5, 4], "uv": [90, 33]},
						{"origin": [-6, -0.5, -17], "size": [4, 3, 4], "uv": [106, 25]}
					]
				}
			]
		}
	]
}