{
	"format_version": "1.12.0",
	"minecraft:geometry": [
		{
			"description": {
				"identifier": "geometry.maractus",
				"texture_width": 64,
				"texture_height": 64,
				"visible_bounds_width": 3,
				"visible_bounds_height": 3.5,
				"visible_bounds_offset": [0, 1.25, 0]
			},
			"bones": [
				{
					"name": "maractus",
					"pivot": [0, 0, 0]
				},
				{
					"name": "body",
					"parent": "maractus",
					"pivot": [0, 5.25, -0.5],
					"cubes": [
						{"origin": [-2, 7, -2.5], "size": [4, 3, 4], "uv": [23, 0]},
						{"origin": [-2.5, 1, -3], "size": [5, 6, 5], "uv": [0, 25]}
					]
				},
				{
					"name": "head",
					"parent": "body",
					"pivot": [0, 10, -0.5],
					"cubes": [
						{"origin": [-4, 10, -4], "size": [8, 6, 7], "uv": [0, 0]},
						{"origin": [0, 14, -5.75], "size": [0, 4, 3], "inflate": 0.02, "pivot": [0, 16, -4.25], "rotation": [45, 0, 0], "uv": [0, 0]},
						{"origin": [-2.5, 10.25, -4.025], "size": [5, 2, 0], "inflate": 0.02, "uv": [0, 50], "mirror": true}
					]
				},
				{
					"name": "eyes",
					"parent": "head",
					"pivot": [0, 13.5, -4.025],
					"cubes": [
						{"origin": [-3.5, 12.5, -4.025], "size": [2, 2, 0], "inflate": 0.02, "uv": [0, 48]},
						{"origin": [1.5, 12.5, -4.025], "size": [2, 2, 0], "inflate": 0.02, "uv": [0, 48], "mirror": true}
					]
				},
				{
					"name": "ear_right",
					"parent": "head",
					"pivot": [-3.25, 15.5, -0.5],
					"rotation": [0, 0, -30],
					"cubes": [
						{"origin": [-4.75, 15.5, -2], "size": [3, 2, 3], "uv": [19, 40]},
						{"origin": [-5.75, 17.5, -3], "size": [5, 6, 5], "uv": [15, 19]},
						{"origin": [-2.25, 23.25, -1.5], "size": [0, 0, 0], "uv": [10, 47]},
						{"origin": [-2.5, 20.75, -4.25], "size": [2, 0, 2], "inflate": 0.02, "pivot": [-1.5, 20.75, -2.25], "rotation": [-10, -40, 0], "uv": [44, 35]},
						{"origin": [-6, 20.75, -4.25], "size": [2, 0, 2], "inflate": 0.02, "pivot": [-5, 20.75, -2.25], "rotation": [-10, 40, 0], "uv": [33, 44]},
						{"origin": [-6, 20.75, 1.25], "size": [2, 0, 2], "inflate": 0.02, "pivot": [-5, 20.75, 1.25], "rotation": [10, -40, 0], "uv": [44, 11]},
						{"origin": [-2.5, 20.75, 1.25], "size": [2, 0, 2], "inflate": 0.02, "pivot": [-1.5, 20.75, 1.25], "rotation": [10, 40, 0], "uv": [44, 33]}
					]
				},
				{
					"name": "ear_petal_right1",
					"parent": "ear_right",
					"pivot": [-3.25, 15.5, -2],
					"rotation": [-40, 0, 0],
					"cubes": [
						{"origin": [-4.75, 15.5, -5], "size": [3, 0, 3], "inflate": 0.02, "uv": [43, 20]}
					]
				},
				{
					"name": "ear_petal_right2",
					"parent": "ear_right",
					"pivot": [-3.25, 15.5, 1],
					"rotation": [40, 0, 0],
					"cubes": [
						{"origin": [-4.75, 15.5, 1], "size": [3, 0, 3], "inflate": 0.02, "uv": [43, 17]}
					]
				},
				{
					"name": "ear_petal_right3",
					"parent": "ear_right",
					"pivot": [-4.75, 15.5, -0.5],
					"rotation": [40, -90, 0],
					"cubes": [
						{"origin": [-6.25, 15.5, -0.5], "size": [3, 0, 3], "inflate": 0.02, "uv": [43, 8]}
					]
				},
				{
					"name": "ear_petal_right4",
					"parent": "ear_right",
					"pivot": [-1.75, 15.5, -0.5],
					"rotation": [40, 90, 0],
					"cubes": [
						{"origin": [-3.25, 15.5, -0.5], "size": [3, 0, 3], "inflate": 0.02, "uv": [42, 27]}
					]
				},
				{
					"name": "petal_right1",
					"parent": "ear_right",
					"pivot": [-3.25, 24, -1.5],
					"cubes": [
						{"origin": [-1.75, 24, -5.5], "size": [0, 0, 0], "inflate": 0.02, "uv": [46, 41]}
					]
				},
				{
					"name": "petal_right2",
					"parent": "ear_right",
					"pivot": [-3.25, 24, 0.5],
					"cubes": [
						{"origin": [-1.75, 24, 0.5], "size": [0, 0, 0], "inflate": 0.02, "uv": [46, 27]}
					]
				},
				{
					"name": "petal_right3",
					"parent": "ear_right",
					"pivot": [-2.75, 24, 0],
					"rotation": [-2.5, 60, 0],
					"cubes": [
						{"origin": [-1.25, 24, 0], "size": [0, 0, 0], "inflate": 0.02, "uv": [46, 8]}
					]
				},
				{
					"name": "petal_right4",
					"parent": "ear_right",
					"pivot": [-2.75, 24, -1],
					"rotation": [2.5, -60, 0],
					"cubes": [
						{"origin": [-1.25, 24, -5], "size": [0, 0, 0], "inflate": 0.02, "uv": [46, 4]}
					]
				},
				{
					"name": "petal_right5",
					"parent": "ear_right",
					"pivot": [-3.75, 24, -1],
					"rotation": [2.5, 60, 0],
					"cubes": [
						{"origin": [-2.25, 24, -5], "size": [0, 0, 0], "inflate": 0.02, "uv": [7, 43]}
					]
				},
				{
					"name": "petal_right6",
					"parent": "ear_right",
					"pivot": [-3.75, 24, 0],
					"rotation": [-2.5, -60, 0],
					"cubes": [
						{"origin": [-2.25, 24, 0], "size": [0, 0, 0], "inflate": 0.02, "uv": [40, 41]}
					]
				},
				{
					"name": "ear_left",
					"parent": "head",
					"pivot": [3.25, 15.5, -0.5],
					"rotation": [0, 0, 30],
					"cubes": [
						{"origin": [1.75, 15.5, -2], "size": [3, 2, 3], "uv": [7, 40]},
						{"origin": [0.75, 17.5, -3], "size": [5, 6, 5], "uv": [0, 13]},
						{"origin": [4.25, 23.25, -1.5], "size": [0, 1, 0], "uv": [41, 46]},
						{"origin": [0.5, 20.75, -4.25], "size": [2, 0, 2], "inflate": 0.02, "pivot": [1.5, 20.75, -2.25], "rotation": [-10, 40, 0], "uv": [37, 17]},
						{"origin": [4, 20.75, -4.25], "size": [2, 0, 2], "inflate": 0.02, "pivot": [5, 20.75, -2.25], "rotation": [-10, -40, 0], "uv": [37, 4]},
						{"origin": [4, 20.75, 1.25], "size": [2, 0, 2], "inflate": 0.02, "pivot": [5, 20.75, 1.25], "rotation": [10, 40, 0], "uv": [18, 17]},
						{"origin": [0.5, 20.75, 1.25], "size": [2, 0, 2], "inflate": 0.02, "pivot": [1.5, 20.75, 1.25], "rotation": [10, -40, 0], "uv": [0, 0]}
					]
				},
				{
					"name": "ear_petal_left1",
					"parent": "ear_left",
					"pivot": [3.25, 15.5, -2],
					"rotation": [-40, 0, 0],
					"cubes": [
						{"origin": [1.75, 15.5, -5], "size": [3, 0, 3], "inflate": 0.02, "uv": [40, 41]}
					]
				},
				{
					"name": "ear_petal_left2",
					"parent": "ear_left",
					"pivot": [3.25, 15.5, 1],
					"rotation": [40, 0, 0],
					"cubes": [
						{"origin": [1.75, 15.5, 1], "size": [3, 0, 3], "inflate": 0.02, "uv": [34, 41]}
					]
				},
				{
					"name": "ear_petal_left3",
					"parent": "ear_left",
					"pivot": [4.75, 15.5, -0.5],
					"rotation": [40, 90, 0],
					"cubes": [
						{"origin": [3.25, 15.5, -0.5], "size": [3, 0, 3], "inflate": 0.02, "uv": [28, 41]}
					]
				},
				{
					"name": "ear_petal_left4",
					"parent": "ear_left",
					"pivot": [1.75, 15.5, -0.5],
					"rotation": [40, -90, 0],
					"cubes": [
						{"origin": [0.25, 15.5, -0.5], "size": [3, 0, 3], "inflate": 0.02, "uv": [13, 40]}
					]
				},
				{
					"name": "petal_left1",
					"parent": "ear_left",
					"pivot": [3.25, 24, -1.5],
					"cubes": [
						{"origin": [4.75, 24, -5.5], "size": [0, 0, 0], "inflate": 0.02, "uv": [34, 41]}
					]
				},
				{
					"name": "petal_left2",
					"parent": "ear_left",
					"pivot": [3.25, 24, 0.5],
					"cubes": [
						{"origin": [4.75, 24, 0.5], "size": [0, 0, 0], "inflate": 0.02, "uv": [43, 37]}
					]
				},
				{
					"name": "petal_left3",
					"parent": "ear_left",
					"pivot": [2.75, 24, 0],
					"rotation": [-2.5, -60, 0],
					"cubes": [
						{"origin": [4.25, 24, 0], "size": [0, 0, 0], "inflate": 0.02, "uv": [28, 40]}
					]
				},
				{
					"name": "petal_left4",
					"parent": "ear_left",
					"pivot": [2.75, 24, -1],
					"rotation": [2.5, 60, 0],
					"cubes": [
						{"origin": [4.25, 24, -5], "size": [0, 0, 0], "inflate": 0.02, "uv": [22, 40]}
					]
				},
				{
					"name": "petal_left5",
					"parent": "ear_left",
					"pivot": [3.75, 24, -1],
					"rotation": [2.5, -60, 0],
					"cubes": [
						{"origin": [5.25, 24, -5], "size": [0, 0, 0], "inflate": 0.02, "uv": [16, 40]}
					]
				},
				{
					"name": "petal_left6",
					"parent": "ear_left",
					"pivot": [3.75, 24, 0],
					"rotation": [-2.5, 60, 0],
					"cubes": [
						{"origin": [5.25, 24, 0], "size": [0, 0, 0], "inflate": 0.02, "uv": [42, 17]}
					]
				},
				{
					"name": "petal_right",
					"parent": "body",
					"pivot": [-2, 10, -0.5],
					"rotation": [0, 0, -5],
					"cubes": [
						{"origin": [-4, 10, -2.5], "size": [2, 0, 4], "inflate": 0.02, "uv": [41, 13]}
					]
				},
				{
					"name": "petal_left",
					"parent": "body",
					"pivot": [2, 10, -0.5],
					"rotation": [0, 0, 5],
					"cubes": [
						{"origin": [2, 10, -2.5], "size": [2, 0, 4], "inflate": 0.02, "uv": [19, 0]}
					]
				},
				{
					"name": "petal_front",
					"parent": "body",
					"pivot": [0, 10, -2.5],
					"rotation": [75, 0, 0],
					"cubes": [
						{"origin": [-3, 10, -6.5], "size": [6, 0, 4], "inflate": 0.02, "uv": [11, 13]}
					]
				},
				{
					"name": "petal_back",
					"parent": "body",
					"pivot": [-0.5, 10, 1.5],
					"rotation": [-75, 0, 0],
					"cubes": [
						{"origin": [-2, 10, 1.5], "size": [4, 0, 3], "inflate": 0.02, "uv": [1, 36]}
					]
				},
				{
					"name": "arm_right1",
					"parent": "body",
					"pivot": [-2, 8.75, -0.5],
					"cubes": [
						{"origin": [-4, 7.75, -1.5], "size": [2, 2, 2], "uv": [29, 44]}
					]
				},
				{
					"name": "arm_right2",
					"parent": "arm_right1",
					"pivot": [-4, 8.75, 0.5],
					"cubes": [
						{"origin": [-9, 7.25, -2], "size": [5, 3, 3], "uv": [32, 27]},
						{"origin": [-8.5, 5.75, -3.5], "size": [0, 6, 6], "inflate": 0.02, "uv": [27, 7]}
					]
				},
				{
					"name": "finger_right1",
					"parent": "arm_right2",
					"pivot": [-9, 9.75, -0.5],
					"rotation": [10, 0, 0],
					"cubes": [
						{"origin": [-10, 9.25, -0.5], "size": [1, 1, 0], "inflate": 0.02, "uv": [0, 13]}
					]
				},
				{
					"name": "finger_right2",
					"parent": "arm_right2",
					"pivot": [-9, 8.75, 0.25],
					"rotation": [0, 10, 0],
					"cubes": [
						{"origin": [-10, 8.25, 0.25], "size": [1, 1, 0], "inflate": 0.02, "uv": [4, 2]}
					]
				},
				{
					"name": "finger_right3",
					"parent": "arm_right2",
					"pivot": [-9, 7.75, -0.5],
					"rotation": [-10, 0, 0],
					"cubes": [
						{"origin": [-10, 7.25, -0.5], "size": [1, 1, 0], "inflate": 0.02, "uv": [2, 2]}
					]
				},
				{
					"name": "arm_left1",
					"parent": "body",
					"pivot": [2, 8.75, -0.5],
					"cubes": [
						{"origin": [2, 7.75, -1.5], "size": [2, 2, 2], "uv": [0, 43]}
					]
				},
				{
					"name": "arm_left2",
					"parent": "arm_left1",
					"pivot": [4, 8.75, 0.5],
					"cubes": [
						{"origin": [4, 7.25, -2], "size": [5, 3, 3], "uv": [30, 7]},
						{"origin": [8.5, 5.75, -3.5], "size": [0, 6, 6], "inflate": 0.02, "uv": [20, 24]}
					]
				},
				{
					"name": "finger_left1",
					"parent": "arm_left2",
					"pivot": [9, 9.75, -0.5],
					"rotation": [10, 0, 0],
					"cubes": [
						{"origin": [9, 9.25, -0.5], "size": [1, 1, 0], "inflate": 0.02, "uv": [0, 2]}
					]
				},
				{
					"name": "finger_left2",
					"parent": "arm_left2",
					"pivot": [9, 8.75, 0.25],
					"rotation": [0, -10, 0],
					"cubes": [
						{"origin": [9, 8.25, 0.25], "size": [1, 1, 0], "inflate": 0.02, "uv": [0, 1]}
					]
				},
				{
					"name": "finger_left3",
					"parent": "arm_left2",
					"pivot": [9, 7.75, -0.5],
					"rotation": [-10, 0, 0],
					"cubes": [
						{"origin": [9, 7.25, -0.5], "size": [1, 1, 0], "inflate": 0.02, "uv": [0, 0]}
					]
				},
				{
					"name": "foot1",
					"parent": "body",
					"pivot": [-1.25, 1, -2.25],
					"rotation": [15, 25, 0],
					"cubes": [
						{"origin": [-3.25, 1, -6.25], "size": [4, 0, 4], "inflate": 0.02, "uv": [34, 19]}
					]
				},
				{
					"name": "foot2",
					"parent": "body",
					"pivot": [1.25, 1, -2.25],
					"rotation": [15, -30, 0],
					"cubes": [
						{"origin": [-0.75, 1, -6.25], "size": [4, 0, 4], "inflate": 0.02, "uv": [28, 33]}
					]
				},
				{
					"name": "foot3",
					"parent": "body",
					"pivot": [2, 1, 0],
					"rotation": [0, -15, 15],
					"cubes": [
						{"origin": [2, 1, -2], "size": [4, 0, 4], "inflate": 0.02, "uv": [31, 23]}
					]
				},
				{
					"name": "foot4",
					"parent": "body",
					"pivot": [-2, 1, 0],
					"rotation": [0, 15, -15],
					"cubes": [
						{"origin": [-6, 1, -2], "size": [4, 0, 4], "inflate": 0.02, "uv": [31, 0]}
					]
				},
				{
					"name": "foot5",
					"parent": "body",
					"pivot": [0, 1, 1.75],
					"rotation": [-15, 0, 0],
					"cubes": [
						{"origin": [-2, 1, 1.75], "size": [4, 0, 4], "inflate": 0.02, "uv": [26, 19]}
					]
				}
			]
		}
	]
}