{
	"format_version": "1.12.0",
	"minecraft:geometry": [
		{
			"description": {
				"identifier": "geometry.morelull",
				"texture_width": 32,
				"texture_height": 32,
				"visible_bounds_width": 2,
				"visible_bounds_height": 2.5,
				"visible_bounds_offset": [0, 0.75, 0]
			},
			"bones": [
				{
					"name": "morelull",
					"pivot": [0, 0, 0]
				},
				{
					"name": "body",
					"parent": "morelull",
					"pivot": [0, 5, 0]
				},
				{
					"name": "torso",
					"parent": "body",
					"pivot": [0, 3, 0],
					"cubes": [
						{"origin": [-2, 3, -2], "size": [4, 4, 4], "uv": [0, 0]},
						{"origin": [-2, 6.5, -2], "size": [0, 1, 4], "pivot": [-2, 6.5, 0], "rotation": [0, 0, -25], "uv": [16, 19]},
						{"origin": [-2, 6.5, 2], "size": [4, 1, 0], "pivot": [0, 6.5, 2], "rotation": [-25, 0, 0], "uv": [16, 20]},
						{"origin": [-2, 6.5, -2], "size": [4, 1, 0], "pivot": [0, 6.5, -2], "rotation": [25, 0, 0], "uv": [16, 21]},
						{"origin": [2, 6.5, -2], "size": [0, 1, 4], "pivot": [2, 6.5, 0], "rotation": [0, 0, 25], "uv": [16, 18]}
					]
				},
				{
					"name": "eye_left",
					"parent": "torso",
					"pivot": [1, 4.5, -1.51],
					"cubes": [
						{"origin": [0.5, 3.5, -2.01], "size": [1, 2, 1], "uv": [8, 20]}
					]
				},
				{
					"name": "eyelid_left",
					"parent": "eye_left",
					"pivot": [1, 4.5, -1.41],
					"cubes": [
						{"origin": [0.5, 3.5, -1.91], "size": [1, 2, 1], "inflate": 0.01, "uv": [4, 20]}
					]
				},
				{
					"name": "eye_right",
					"parent": "torso",
					"pivot": [-1, 4.5, -1.51],
					"cubes": [
						{"origin": [-1.5, 3.5, -2.01], "size": [1, 2, 1], "uv": [19, 2]}
					]
				},
				{
					"name": "eyelid_right",
					"parent": "eye_right",
					"pivot": [-1, 4.5, -1.41],
					"cubes": [
						{"origin": [-1.5, 3.5, -1.91], "size": [1, 2, 1], "inflate": 0.01, "uv": [9, 15]}
					]
				},
				{
					"name": "mushroom",
					"parent": "torso",
					"pivot": [0, 6.5, 0],
					"cubes": [
						{"origin": [0.5, 6, -0.5], "size": [0, 0, 0], "uv": [14, 18]}
					]
				},
				{
					"name": "cap",
					"parent": "mushroom",
					"pivot": [0, 12.5, 0],
					"cubes": [
						{"origin": [2, 12, -2], "size": [0, 0, 0], "uv": [8, 12]},
						{"origin": [1.5, 15, -1.5], "size": [0, 0, 0], "uv": [6, 18]}
					]
				},
				{
					"name": "mushroom_right",
					"parent": "torso",
					"pivot": [-1.25, 6.5, 0],
					"cubes": [
						{"origin": [-0.75, 6.5, -0.5], "size": [0, 0, 0], "uv": [2, 9]}
					]
				},
				{
					"name": "cap3",
					"parent": "mushroom_right",
					"pivot": [-1.25, 9, 0],
					"cubes": [
						{"origin": [0.25, 8.5, -1.5], "size": [0, 0, 0], "uv": [19, 8]},
						{"origin": [-0.25, 11.5, -1], "size": [0, 0, 0], "uv": [20, 19]}
					]
				},
				{
					"name": "mushroom_left",
					"parent": "torso",
					"pivot": [1.25, 6.5, 0.5],
					"cubes": [
						{"origin": [1.75, 6.5, 0], "size": [0, 0, 0], "uv": [2, 1]}
					]
				},
				{
					"name": "cap4",
					"parent": "mushroom_left",
					"pivot": [1.25, 9, 0.5],
					"cubes": [
						{"origin": [2.75, 8.5, -1], "size": [0, 0, 0], "uv": [19, 15]},
						{"origin": [2.25, 10.5, -0.5], "size": [0, 0, 0], "uv": [16, 2]}
					]
				},
				{
					"name": "leg",
					"parent": "body",
					"pivot": [0, 3.5, 0],
					"cubes": [
						{"origin": [-0.5, 0, -0.5], "size": [1, 4, 1], "uv": [0, 20]}
					]
				},
				{
					"name": "foot",
					"parent": "leg",
					"pivot": [0, 0, 0],
					"rotation": [0, 27.5, 0],
					"cubes": [
						{"origin": [0, 0, -0.5], "size": [2, 0, 1], "uv": [19, 11]}
					]
				},
				{
					"name": "foot2",
					"parent": "foot",
					"pivot": [2, 0, 0],
					"cubes": [
						{"origin": [2, 0, -0.5], "size": [2, 0, 1], "uv": [17, 1]}
					]
				},
				{
					"name": "foot3",
					"parent": "leg",
					"pivot": [0, 0, 0],
					"rotation": [0, -27.5, 0],
					"cubes": [
						{"origin": [-2, 0, -0.5], "size": [2, 0, 1], "uv": [15, 11]}
					]
				},
				{
					"name": "foot4",
					"parent": "foot3",
					"pivot": [-2, 0, 0],
					"cubes": [
						{"origin": [-4, 0, -0.5], "size": [2, 0, 1], "uv": [17, 0]}
					]
				},
				{
					"name": "foot5",
					"parent": "leg",
					"pivot": [0, 0, 0],
					"rotation": [0, 90, 0],
					"cubes": [
						{"origin": [-2, 0, -0.5], "size": [2, 0, 1], "uv": [11, 3]}
					]
				},
				{
					"name": "foot6",
					"parent": "foot5",
					"pivot": [-2, 0, 0],
					"cubes": [
						{"origin": [-4, 0, -0.5], "size": [2, 0, 1], "uv": [11, 11]}
					]
				}
			]
		}
	]
}