{
	"format_version": "1.12.0",
	"minecraft:geometry": [
		{
			"description": {
				"identifier": "geometry.nacli",
				"texture_width": 64,
				"texture_height": 32,
				"visible_bounds_width": 2,
				"visible_bounds_height": 2.5,
				"visible_bounds_offset": [0, 0.75, 0]
			},
			"bones": [
				{
					"name": "nacli",
					"pivot": [0, 0, 0]
				},
				{
					"name": "body",
					"parent": "nacli",
					"pivot": [0, 0, 0],
					"cubes": [
						{"origin": [-2.5, 0, -2.5], "size": [5, 5, 5], "uv": [0, 19]}
					]
				},
				{
					"name": "cap",
					"parent": "body",
					"pivot": [0, 1.3, 0],
					"rotation": [0, 0, -15],
					"cubes": [
						{"origin": [-3.43377, 2.12013, -3.5], "size": [6, 4, 7], "uv": [0, 0]},
						{"origin": [-1.43377, 6.12013, -3.5], "size": [4, 1, 7], "uv": [0, 11]},
						{"origin": [2.56623, 1.12013, -3.5], "size": [2, 5, 7], "uv": [15, 12]}
					]
				},
				{
					"name": "salt_top",
					"parent": "cap",
					"pivot": [2.06623, 5.12013, 0],
					"rotation": [0, 0, 30],
					"cubes": [
						{"origin": [3.46623, 5.82013, -1], "size": [0, 0, 0], "uv": [25, 3]}
					]
				},
				{
					"name": "eyes",
					"parent": "body",
					"pivot": [0, 0, 0]
				},
				{
					"name": "eye_left",
					"parent": "eyes",
					"pivot": [1, 2, -2.5],
					"cubes": [
						{"origin": [0.5, 1, -2.51], "size": [1, 2, 0], "uv": [35, 0]}
					]
				},
				{
					"name": "eye_angry_left",
					"parent": "eye_left",
					"pivot": [1, 2, -2.4],
					"cubes": [
						{"origin": [0.5, 1, -2.41], "size": [1, 2, 1], "inflate": 0.01, "uv": [35, 2]}
					]
				},
				{
					"name": "eyelid_left",
					"parent": "eye_left",
					"pivot": [1, 2, -2.4],
					"cubes": [
						{"origin": [0.5, 1, -2.41], "size": [1, 2, 1], "inflate": 0.01, "uv": [35, 5]}
					]
				},
				{
					"name": "eye_right",
					"parent": "eyes",
					"pivot": [-1, 2, -2.5],
					"cubes": [
						{"origin": [-1.5, 1, -2.51], "size": [1, 2, 0], "uv": [33, 0]}
					]
				},
				{
					"name": "eye_angry_right",
					"parent": "eye_right",
					"pivot": [-1, 2, -2.4],
					"cubes": [
						{"origin": [-1.5, 1, -2.41], "size": [1, 2, 1], "inflate": 0.01, "uv": [31, 2]}
					]
				},
				{
					"name": "eyelid_right",
					"parent": "eye_right",
					"pivot": [-1, 2, -2.4],
					"cubes": [
						{"origin": [-1.5, 1, -2.41], "size": [1, 2, 1], "inflate": 0.01, "uv": [31, 5]}
					]
				}
			]
		}
	]
}