{
	"format_version": "1.12.0",
	"minecraft:geometry": [
		{
			"description": {
				"identifier": "geometry.paras",
				"texture_width": 64,
				"texture_height": 64,
				"visible_bounds_width": 3,
				"visible_bounds_height": 2.5,
				"visible_bounds_offset": [0, 0.75, 0]
			},
			"bones": [
				{
					"name": "paras",
					"pivot": [0, 0, 0]
				},
				{
					"name": "body",
					"parent": "paras",
					"pivot": [0, 4, 2],
					"cubes": [
						{"origin": [-4, 1.5, -2], "size": [8, 6, 8], "uv": [1, 1]},
						{"origin": [-3, 1.5, 6], "size": [6, 5, 3], "uv": [45, 3]}
					]
				},
				{
					"name": "head",
					"parent": "body",
					"pivot": [0, 4.25, -2],
					"cubes": [
						{"origin": [-3.5, 1.75, -3], "size": [7, 5, 1], "uv": [27, 2]},
						{"origin": [-3.5, 1.75, -5], "size": [7, 2, 2], "uv": [24, 36]},
						{"origin": [-3.5, 3.25, -5], "size": [7, 1, 2], "inflate": -0.02, "uv": [40, 35]},
						{"origin": [-1.5, 3.75, -5], "size": [3, 3, 2], "uv": [43, 30]},
						{"origin": [-3.5, 3.75, -3.5], "size": [7, 3, 1], "inflate": -0.01, "uv": [26, 32]},
						{"origin": [-1.5, 1.75, -5.75], "size": [3, 2, 1], "pivot": [0, 2.75, -5.25], "rotation": [2.5, 0, 0], "uv": [43, 0]}
					]
				},
				{
					"name": "eye_right",
					"parent": "head",
					"pivot": [-3, 5.75, -4.5],
					"cubes": [
						{"origin": [-1.5, 7.25, -3.5], "size": [-3, -3, -2], "inflate": 0.01, "uv": [10, 35]},
						{"origin": [-3, 5.75, -5.51], "size": [1, 1, 0], "uv": [18, 33]}
					]
				},
				{
					"name": "eye_right2",
					"parent": "eye_right",
					"pivot": [-3, 5.5, -5.51],
					"cubes": [
						{"origin": [-4, 4.5, -5.01], "size": [2, 2, 1], "uv": [20, 30]}
					]
				},
				{
					"name": "eye_left",
					"parent": "head",
					"pivot": [3, 5.75, -4.5],
					"cubes": [
						{"origin": [4.5, 7.25, -3.5], "size": [-3, -3, -2], "inflate": 0.01, "uv": [20, 35]},
						{"origin": [2, 5.75, -5.51], "size": [1, 1, 0], "uv": [18, 33], "mirror": true}
					]
				},
				{
					"name": "eye_left2",
					"parent": "eye_left",
					"pivot": [3, 5.5, -5.51],
					"cubes": [
						{"origin": [2, 4.5, -5.01], "size": [2, 2, 1], "uv": [20, 33], "mirror": true}
					]
				},
				{
					"name": "arm_right",
					"parent": "body",
					"pivot": [-3.5, 3.75, -1.75],
					"rotation": [12.5, -2.5, 0],
					"cubes": [
						{"origin": [-6, 3.25, -2.25], "size": [3, 1, 1], "uv": [33, 12]}
					]
				},
				{
					"name": "hand_right",
					"parent": "arm_right",
					"pivot": [-5, 3.75, -1.75],
					"cubes": [
						{"origin": [-8, 2, -7.5], "size": [3, 4, 7], "uv": [13, 19]},
						{"origin": [-6.5, 2, -9.15], "size": [0, 3, 2], "pivot": [-6.5, 3.5, -8.15], "rotation": [10, 0, 0], "uv": [0, 16]}
					]
				},
				{
					"name": "arm_left",
					"parent": "body",
					"pivot": [3.5, 3.75, -1.75],
					"rotation": [12.5, 2.5, 0],
					"cubes": [
						{"origin": [3, 3.25, -2.25], "size": [3, 1, 1], "uv": [33, 12], "mirror": true}
					]
				},
				{
					"name": "hand_left",
					"parent": "arm_left",
					"pivot": [5, 3.75, -1.75],
					"cubes": [
						{"origin": [5, 2, -7.5], "size": [3, 4, 7], "uv": [0, 15]},
						{"origin": [6.5, 2, -9.15], "size": [0, 3, 2], "pivot": [6.5, 3.5, -8.15], "rotation": [10, 0, 0], "uv": [0, 13]}
					]
				},
				{
					"name": "mushroom_right",
					"parent": "body",
					"pivot": [-3, 7, 2.5],
					"rotation": [0, 0, -20],
					"cubes": [
						{"origin": [-0.5, 8.5, -0.5], "size": [0, 0, 0], "uv": [53, 16]},
						{"origin": [-2, 7, 1], "size": [0, 0, 0], "uv": [9, 28]}
					]
				},
				{
					"name": "mushroom_left",
					"parent": "body",
					"pivot": [3, 7, 2.5],
					"rotation": [0, 0, 20],
					"cubes": [
						{"origin": [5.5, 8.5, -0.5], "size": [0, 0, 0], "uv": [38, 19]},
						{"origin": [4, 7, 1], "size": [0, 0, 0], "uv": [17, 17]}
					]
				},
				{
					"name": "leg_right_front",
					"parent": "body",
					"pivot": [-2.5, 1.5, 1.25],
					"cubes": [
						{"origin": [-8.5, 0, 1.5], "size": [6, 5, 0], "uv": [33, 27], "mirror": true}
					]
				},
				{
					"name": "leg_left_front",
					"parent": "body",
					"pivot": [2.5, 1.5, 1.5],
					"cubes": [
						{"origin": [2.5, 0, 1.5], "size": [6, 5, 0], "uv": [48, 24]}
					]
				},
				{
					"name": "leg_right_back",
					"parent": "body",
					"pivot": [-2.5, 1.5, 4.5],
					"cubes": [
						{"origin": [-8.5, 0, 4.5], "size": [6, 5, 0], "uv": [33, 22], "mirror": true}
					]
				},
				{
					"name": "leg_left_back",
					"parent": "body",
					"pivot": [2.5, 1.5, 4.5],
					"cubes": [
						{"origin": [2.5, 0, 4.5], "size": [6, 5, 0], "uv": [48, 19]}
					]
				}
			]
		}
	]
}