{
	"format_version": "1.12.0",
	"minecraft:geometry": [
		{
			"description": {
				"identifier": "geometry.petilil",
				"texture_width": 64,
				"texture_height": 32,
				"visible_bounds_width": 3,
				"visible_bounds_height": 2.5,
				"visible_bounds_offset": [0, 0.75, 0]
			},
			"bones": [
				{
					"name": "petilil",
					"pivot": [0, 0, 0]
				},
				{
					"name": "body",
					"parent": "petilil",
					"pivot": [0, 0, 0],
					"cubes": [
						{"origin": [-2, 0, -2], "size": [4, 3, 4], "uv": [45, 20]}
					]
				},
				{
					"name": "body_left",
					"parent": "body",
					"pivot": [0, 5.5, 0],
					"rotation": [0, 0, 2.5],
					"cubes": [
						{"origin": [0, 1.5, -1.5], "size": [3, 4, 3], "inflate": 0.02, "uv": [0, 18]},
						{"origin": [1.15, -0.25, -1.5], "size": [3, 3, 3], "pivot": [1, 2.5, 0], "rotation": [0, 0, -45], "uv": [24, 18]}
					]
				},
				{
					"name": "body_left2",
					"parent": "body_left",
					"pivot": [3, 3.5, 0],
					"rotation": [0, 0, -5],
					"cubes": [
						{"origin": [2.75, 3.5, -1], "size": [3, 2, 2], "uv": [54, 0]}
					]
				},
				{
					"name": "body_right",
					"parent": "body",
					"pivot": [0, 5.5, 0],
					"rotation": [0, 0, -2.5],
					"cubes": [
						{"origin": [-3, 1.5, -1.5], "size": [3, 4, 3], "inflate": 0.01, "uv": [12, 18], "mirror": true},
						{"origin": [-4.15, -0.25, -1.5], "size": [3, 3, 3], "pivot": [-1, 2.5, 0], "rotation": [0, 0, 45], "uv": [33, 21], "mirror": true}
					]
				},
				{
					"name": "body_right2",
					"parent": "body_right",
					"pivot": [-3, 3.5, 0],
					"rotation": [0, 0, 5],
					"cubes": [
						{"origin": [-5.75, 3.5, -1], "size": [3, 2, 2], "uv": [54, 4], "mirror": true}
					]
				},
				{
					"name": "neck_leaves",
					"parent": "body",
					"pivot": [0, 5.5, 0]
				},
				{
					"name": "neck_leaf_front",
					"parent": "neck_leaves",
					"pivot": [0, 5.5, 1.5],
					"rotation": [7.5, 0, 0],
					"cubes": [
						{"origin": [-1.5, 3.5, 1.52], "size": [3, 2, 0], "uv": [21, 18]}
					]
				},
				{
					"name": "neck_leaf_back",
					"parent": "neck_leaves",
					"pivot": [0, 5.5, -1.5],
					"rotation": [-7.5, 0, 0],
					"cubes": [
						{"origin": [-1.5, 3.5, -1.52], "size": [3, 2, 0], "uv": [9, 18]}
					]
				},
				{
					"name": "neck_leaf_left",
					"parent": "neck_leaves",
					"pivot": [-1.5, 5.5, 0],
					"rotation": [0, 0, 2.5],
					"cubes": [
						{"origin": [-3.5, 5.5, -1.5], "size": [2, 0, 3], "uv": [42, 21]}
					]
				},
				{
					"name": "neck_leaf_right",
					"parent": "neck_leaves",
					"pivot": [1.5, 5.5, 0],
					"rotation": [0, 0, -2.5],
					"cubes": [
						{"origin": [1.5, 5.5, -1.5], "size": [2, 0, 3], "uv": [54, 21], "mirror": true}
					]
				},
				{
					"name": "neck",
					"parent": "body",
					"pivot": [0, 5.5, 0],
					"cubes": [
						{"origin": [-1, 4.5, -1], "size": [2, 3, 2], "uv": [54, 13]}
					]
				},
				{
					"name": "head",
					"parent": "neck",
					"pivot": [0, 5.75, 0],
					"cubes": [
						{"origin": [-5, 5.75, -5], "size": [10, 8, 10], "uv": [0, 0]},
						{"origin": [-3.5, 13.25, -3.5], "size": [7, 2, 7], "uv": [33, 11]}
					]
				},
				{
					"name": "leaves",
					"parent": "head",
					"pivot": [0, 15.25, 0]
				},
				{
					"name": "leaf_front",
					"parent": "leaves",
					"pivot": [0, 15.25, 0]
				},
				{
					"name": "leaf_front_rotation",
					"parent": "leaf_front",
					"pivot": [0, 15.25, 0],
					"rotation": [-25, 0, 0],
					"cubes": [
						{"origin": [2, 15.25, -5], "size": [0, 0, 0], "uv": [34, 5]}
					]
				},
				{
					"name": "leaf_front2",
					"parent": "leaf_front_rotation",
					"pivot": [0, 15.25, -5],
					"cubes": [
						{"origin": [2, 15.25, -10], "size": [0, 0, 0], "uv": [34, 10]}
					]
				},
				{
					"name": "leaf_left",
					"parent": "leaves",
					"pivot": [0, 15.25, 0],
					"rotation": [0, 57.5, 0]
				},
				{
					"name": "leaf_left_rotation",
					"parent": "leaf_left",
					"pivot": [0, 15.25, 0],
					"rotation": [25, 0, 0],
					"cubes": [
						{"origin": [2, 15.25, 0], "size": [0, 0, 0], "uv": [42, 5]}
					]
				},
				{
					"name": "leaf_left2",
					"parent": "leaf_left_rotation",
					"pivot": [0, 15.25, 5],
					"cubes": [
						{"origin": [2, 15.25, 5], "size": [0, 0, 0], "uv": [42, 10]}
					]
				},
				{
					"name": "leaf_right",
					"parent": "leaves",
					"pivot": [0, 15.25, 0],
					"rotation": [0, -57.5, 0]
				},
				{
					"name": "leaf_right_rotation",
					"parent": "leaf_right",
					"pivot": [0, 15.25, 0],
					"rotation": [25, 0, 0],
					"cubes": [
						{"origin": [2, 15.25, 0], "size": [0, 0, 0], "uv": [50, 5], "mirror": true}
					]
				},
				{
					"name": "leaf_right2",
					"parent": "leaf_right_rotation",
					"pivot": [0, 15.25, 5],
					"cubes": [
						{"origin": [2, 15.25, 5], "size": [0, 0, 0], "uv": [50, 10], "mirror": true}
					]
				},
				{
					"name": "eyes",
					"parent": "head",
					"pivot": [0, 8, -5.01]
				},
				{
					"name": "eye_left",
					"parent": "eyes",
					"pivot": [2.25, 8, -5.01],
					"cubes": [
						{"origin": [1.75, 7, -5.01], "size": [1, 2, 0], "uv": [0, 0]}
					]
				},
				{
					"name": "pupil_left",
					"parent": "eye_left",
					"pivot": [1.75, 9, -5.02],
					"cubes": [
						{"origin": [1.25, 8.5, -5.02], "size": [1, 1, 0], "uv": [0, 2]}
					]
				},
				{
					"name": "eyelid_left",
					"parent": "eye_left",
					"pivot": [2, 8.25, -4.42],
					"cubes": [
						{"origin": [1, 6.75, -4.92], "size": [2, 3, 1], "inflate": 0.01, "uv": [4, 0]}
					]
				},
				{
					"name": "eye_right",
					"parent": "eyes",
					"pivot": [-2.25, 8, -5.01],
					"cubes": [
						{"origin": [-2.75, 7, -5.01], "size": [1, 2, 0], "uv": [2, 0], "mirror": true}
					]
				},
				{
					"name": "pupil_right",
					"parent": "eye_right",
					"pivot": [-1.75, 9, -5.02],
					"cubes": [
						{"origin": [-2.25, 8.5, -5.02], "size": [1, 1, 0], "uv": [2, 2], "mirror": true}
					]
				},
				{
					"name": "eyelid_right",
					"parent": "eye_right",
					"pivot": [-2, 8.25, -4.42],
					"cubes": [
						{"origin": [-3, 6.75, -4.92], "size": [2, 3, 1], "inflate": 0.01, "uv": [4, 4], "mirror": true}
					]
				}
			]
		}
	]
}