{
	"format_version": "1.12.0",
	"minecraft:geometry": [
		{
			"description": {
				"identifier": "geometry.petilil_hisui_bias",
				"texture_width": 64,
				"texture_height": 32,
				"visible_bounds_width": 3,
				"visible_bounds_height": 2.5,
				"visible_bounds_offset": [0, 0.75, 0]
			},
			"bones": [
				{
					"name": "petilil_hisui_bias",
					"pivot": [0, 0, 0]
				},
				{
					"name": "body",
					"parent": "petilil_hisui_bias",
					"pivot": [0, 1.5, 0]
				},
				{
					"name": "torso",
					"parent": "body",
					"pivot": [0, 1.5, 0]
				},
				{
					"name": "body_left",
					"parent": "torso",
					"pivot": [0, 6, 0],
					"rotation": [0, 0, 2.5],
					"cubes": [
						{"origin": [0, 2, -1.5], "size": [2, 4, 3], "inflate": 0.02, "uv": [9, 18]}
					]
				},
				{
					"name": "body_left2",
					"parent": "body_left",
					"pivot": [2, 6, 0],
					"rotation": [0, 0, 12.5],
					"cubes": [
						{"origin": [1.75, 4, -1], "size": [3, 2, 2], "uv": [25, 18]}
					]
				},
				{
					"name": "neck_leaf_left",
					"parent": "body_left",
					"pivot": [2, 6, 0],
					"rotation": [0, 0, -2.5],
					"cubes": [
						{"origin": [2, 6, -1.5], "size": [2, 0, 3], "uv": [13, 18], "mirror": true}
					]
				},
				{
					"name": "body_right",
					"parent": "torso",
					"pivot": [0, 6, 0],
					"rotation": [0, 0, -2.5],
					"cubes": [
						{"origin": [-2, 2, -1.5], "size": [2, 4, 3], "inflate": 0.01, "uv": [0, 22], "mirror": true}
					]
				},
				{
					"name": "body_right2",
					"parent": "body_right",
					"pivot": [-2, 6, 0],
					"rotation": [0, 0, -12.5],
					"cubes": [
						{"origin": [-4.75, 4, -1], "size": [3, 2, 2], "uv": [8, 28], "mirror": true}
					]
				},
				{
					"name": "neck_leaf_right",
					"parent": "body_right",
					"pivot": [-2, 6, 0],
					"rotation": [0, 0, 2.5],
					"cubes": [
						{"origin": [-4, 6, -1.5], "size": [2, 0, 3], "uv": [17, 18]}
					]
				},
				{
					"name": "neck_leaves",
					"parent": "torso",
					"pivot": [0, 6, 0]
				},
				{
					"name": "neck_leaf_front",
					"parent": "neck_leaves",
					"pivot": [0, 6, -1.5],
					"rotation": [-27.5, 0, 0],
					"cubes": [
						{"origin": [-1.5, 4, -1.52], "size": [3, 2, 0], "uv": [6, 18]}
					]
				},
				{
					"name": "neck_leaf_back",
					"parent": "neck_leaves",
					"pivot": [0, 6, 1.5],
					"rotation": [27.5, 0, 0],
					"cubes": [
						{"origin": [-1.5, 4, 1.52], "size": [3, 2, 0], "uv": [0, 18]}
					]
				},
				{
					"name": "neck",
					"parent": "torso",
					"pivot": [0, 6, 0],
					"cubes": [
						{"origin": [-1, 5, -1], "size": [2, 3, 2], "uv": [54, 13]}
					]
				},
				{
					"name": "head",
					"parent": "neck",
					"pivot": [0, 6.25, 0],
					"cubes": [
						{"origin": [-5, 6.25, -5], "size": [10, 8, 10], "uv": [0, 0]},
						{"origin": [-3.5, 13.75, -3.5], "size": [7, 2, 7], "uv": [33, 11]}
					]
				},
				{
					"name": "leaves",
					"parent": "head",
					"pivot": [0, 15.75, 0]
				},
				{
					"name": "leaf_back",
					"parent": "leaves",
					"pivot": [0, 15.75, 0]
				},
				{
					"name": "leaf_back_rotation",
					"parent": "leaf_back",
					"pivot": [0, 15.75, 0],
					"rotation": [25, 0, 0],
					"cubes": [
						{"origin": [2.5, 15.75, 0], "size": [0, 0, 0], "uv": [55, 5]}
					]
				},
				{
					"name": "leaf_back2",
					"parent": "leaf_back_rotation",
					"pivot": [0, 15.75, 3],
					"rotation": [-47.5, 0, 0],
					"cubes": [
						{"origin": [2.5, 15.75, 3], "size": [0, 0, 0], "uv": [55, 11]}
					]
				},
				{
					"name": "leaf_left",
					"parent": "leaves",
					"pivot": [0, 15.75, 0],
					"rotation": [0, -57.5, 0]
				},
				{
					"name": "leaf_left_rotation",
					"parent": "leaf_left",
					"pivot": [0, 15.75, 0],
					"rotation": [-25, 0, 0],
					"cubes": [
						{"origin": [2.5, 15.75, -3], "size": [0, 0, 0], "uv": [35, 4]}
					]
				},
				{
					"name": "leaf_left2",
					"parent": "leaf_left_rotation",
					"pivot": [0, 15.75, -3],
					"rotation": [47.5, 0, 0],
					"cubes": [
						{"origin": [2.5, 15.75, -9], "size": [0, 0, 0], "uv": [35, 10]}
					]
				},
				{
					"name": "leaf_right",
					"parent": "leaves",
					"pivot": [0, 15.75, 0],
					"rotation": [0, 57.5, 0]
				},
				{
					"name": "leaf_right_rotation",
					"parent": "leaf_right",
					"pivot": [0, 15.75, 0],
					"rotation": [-25, 0, 0],
					"cubes": [
						{"origin": [2.5, 15.75, -3], "size": [0, 0, 0], "uv": [45, 5], "mirror": true}
					]
				},
				{
					"name": "leaf_right2",
					"parent": "leaf_right_rotation",
					"pivot": [0, 15.75, -3],
					"rotation": [47.5, 0, 0],
					"cubes": [
						{"origin": [2.5, 15.75, -9], "size": [0, 0, 0], "uv": [45, 11], "mirror": true}
					]
				},
				{
					"name": "eyes",
					"parent": "head",
					"pivot": [0, 8.5, -5.01]
				},
				{
					"name": "eye_left",
					"parent": "eyes",
					"pivot": [2.25, 8.5, -5.01],
					"cubes": [
						{"origin": [1.75, 7.5, -5.01], "size": [1, 2, 0], "uv": [0, 0]}
					]
				},
				{
					"name": "pupil_left",
					"parent": "eye_left",
					"pivot": [1.75, 9.5, -5.02],
					"cubes": [
						{"origin": [1.25, 9, -5.02], "size": [1, 1, 0], "uv": [0, 2]}
					]
				},
				{
					"name": "eyelid_left",
					"parent": "eye_left",
					"pivot": [2, 8.75, -4.42],
					"cubes": [
						{"origin": [1, 7.25, -4.92], "size": [2, 3, 1], "inflate": 0.01, "uv": [4, 0]}
					]
				},
				{
					"name": "eye_right",
					"parent": "eyes",
					"pivot": [-2.25, 8.5, -5.01],
					"cubes": [
						{"origin": [-2.75, 7.5, -5.01], "size": [1, 2, 0], "uv": [2, 0], "mirror": true}
					]
				},
				{
					"name": "pupil_right",
					"parent": "eye_right",
					"pivot": [-1.75, 9.5, -5.02],
					"cubes": [
						{"origin": [-2.25, 9, -5.02], "size": [1, 1, 0], "uv": [2, 2], "mirror": true}
					]
				},
				{
					"name": "eyelid_right",
					"parent": "eye_right",
					"pivot": [-2, 8.75, -4.42],
					"cubes": [
						{"origin": [-3, 7.25, -4.92], "size": [2, 3, 1], "inflate": 0.01, "uv": [4, 4], "mirror": true}
					]
				},
				{
					"name": "legs",
					"parent": "body",
					"pivot": [0, 1.5, 0]
				},
				{
					"name": "leg_left",
					"parent": "legs",
					"pivot": [1.25, 2.5, 0],
					"rotation": [0, 0, -30]
				},
				{
					"name": "leg_left_rotation",
					"parent": "leg_left",
					"pivot": [1.25, 2.5, 0],
					"cubes": [
						{"origin": [-0.25, 0.5, -2], "size": [3, 3, 4], "inflate": 0.01, "uv": [15, 21]}
					]
				},
				{
					"name": "leg_right",
					"parent": "legs",
					"pivot": [-1.25, 2.5, 0],
					"rotation": [0, 0, 30]
				},
				{
					"name": "leg_right_rotation",
					"parent": "leg_right",
					"pivot": [-1.25, 2.5, 0],
					"cubes": [
						{"origin": [-2.75, 0.5, -2], "size": [3, 3, 4], "uv": [31, 20], "mirror": true}
					]
				}
			]
		}
	]
}