{
	"format_version": "1.12.0",
	"minecraft:geometry": [
		{
			"description": {
				"identifier": "geometry.ribombee",
				"texture_width": 128,
				"texture_height": 64,
				"visible_bounds_width": 5,
				"visible_bounds_height": 3.5,
				"visible_bounds_offset": [0, 1.25, 0]
			},
			"bones": [
				{
					"name": "ribombee",
					"pivot": [0, 0, 0]
				},
				{
					"name": "body",
					"parent": "ribombee",
					"pivot": [0, 16.5, 0.5]
				},
				{
					"name": "torso",
					"parent": "body",
					"pivot": [0, 12.5, 0.5],
					"cubes": [
						{"origin": [-3, 12.5, -2], "size": [6, 3, 5], "uv": [42, 22]}
					]
				},
				{
					"name": "waist",
					"parent": "torso",
					"pivot": [0, 15.5, 3],
					"cubes": [
						{"origin": [-3, 15.5, -2], "size": [6, 3, 5], "inflate": 0.01, "uv": [25, 19]}
					]
				},
				{
					"name": "arms",
					"parent": "waist",
					"pivot": [0, 18.5, 0]
				},
				{
					"name": "arm_left",
					"parent": "arms",
					"pivot": [3, 18.5, 0.5],
					"rotation": [0, 90, 0],
					"cubes": [
						{"origin": [2.5, 18.5, 0.5], "size": [1, 0, 3], "uv": [9, 16]}
					]
				},
				{
					"name": "arm_left2",
					"parent": "arm_left",
					"pivot": [3, 18.5, 3.5],
					"cubes": [
						{"origin": [2.5, 18.5, 3.5], "size": [1, 0, 1], "uv": [11, 19]}
					]
				},
				{
					"name": "arm_left3",
					"parent": "arm_left2",
					"pivot": [3, 18.5, 4.5],
					"cubes": [
						{"origin": [2.5, 18.5, 4.5], "size": [1, 0, 3], "uv": [11, 16]}
					]
				},
				{
					"name": "hand_left",
					"parent": "arm_left3",
					"pivot": [3, 18.5, 7.5],
					"cubes": [
						{"origin": [2.5, 18, 7.5], "size": [1, 1, 1], "uv": [54, 14]},
						{"origin": [2, 17.9, 8], "size": [2, 2, 3], "uv": [0, 29]}
					]
				},
				{
					"name": "arm_right",
					"parent": "arms",
					"pivot": [-3, 18.5, 0.5],
					"rotation": [0, -90, 0],
					"cubes": [
						{"origin": [-3.5, 18.5, 0.5], "size": [1, 0, 3], "uv": [5, 21], "mirror": true}
					]
				},
				{
					"name": "arm_right2",
					"parent": "arm_right",
					"pivot": [-3, 18.5, 3.5],
					"cubes": [
						{"origin": [-3.5, 18.5, 3.5], "size": [1, 0, 1], "uv": [7, 24], "mirror": true}
					]
				},
				{
					"name": "arm_right3",
					"parent": "arm_right2",
					"pivot": [-3, 18.5, 4.5],
					"cubes": [
						{"origin": [-3.5, 18.5, 4.5], "size": [1, 0, 3], "uv": [7, 21], "mirror": true}
					]
				},
				{
					"name": "hand_right",
					"parent": "arm_right3",
					"pivot": [-3, 18.5, 7.5],
					"cubes": [
						{"origin": [-3.5, 18, 7.5], "size": [1, 1, 1], "uv": [58, 14], "mirror": true},
						{"origin": [-4, 17.9, 8.1], "size": [2, 2, 3], "uv": [0, 34], "mirror": true}
					]
				},
				{
					"name": "torso_fur",
					"parent": "waist",
					"pivot": [0, 15, 0.5]
				},
				{
					"name": "torso_fur_left",
					"parent": "torso_fur",
					"pivot": [3, 15.5, 0.5],
					"rotation": [0, 0, 7.5]
				},
				{
					"name": "torso_fur_front_left",
					"parent": "torso_fur_left",
					"pivot": [1, 15.5, -2],
					"rotation": [-40, 0, 0],
					"cubes": [
						{"origin": [-0.5, 13.5, -2], "size": [4, 2, 0], "uv": [0, 21]}
					]
				},
				{
					"name": "torso_fur_side_left",
					"parent": "torso_fur_left",
					"pivot": [3, 15.5, 0.5],
					"rotation": [0, 0, -40],
					"cubes": [
						{"origin": [3, 13.5, -3], "size": [0, 2, 7], "uv": [11, 17]}
					]
				},
				{
					"name": "torso_fur_back_left",
					"parent": "torso_fur_left",
					"pivot": [1, 15.5, 3],
					"rotation": [40, 0, 0],
					"cubes": [
						{"origin": [-0.5, 13.5, 3], "size": [4, 2, 0], "uv": [0, 23]}
					]
				},
				{
					"name": "torso_fur_right",
					"parent": "torso_fur",
					"pivot": [-3, 15.5, 0.5],
					"rotation": [0, 0, -7.5]
				},
				{
					"name": "torso_fur_front_right",
					"parent": "torso_fur_right",
					"pivot": [-1, 15.5, -2],
					"rotation": [-40, 0, 0],
					"cubes": [
						{"origin": [-3.5, 13.5, -2], "size": [4, 2, 0], "uv": [0, 25], "mirror": true}
					]
				},
				{
					"name": "torso_fur_side_right",
					"parent": "torso_fur_right",
					"pivot": [-3, 15.5, 0.5],
					"rotation": [0, 0, 40],
					"cubes": [
						{"origin": [-3, 13.5, -3], "size": [0, 2, 7], "uv": [11, 19], "mirror": true}
					]
				},
				{
					"name": "torso_fur_back_right",
					"parent": "torso_fur_right",
					"pivot": [-1, 15.5, 3],
					"rotation": [40, 0, 0],
					"cubes": [
						{"origin": [-3.5, 13.5, 3], "size": [4, 2, 0], "uv": [0, 27], "mirror": true}
					]
				},
				{
					"name": "back_fluff",
					"parent": "waist",
					"pivot": [0, 18, 3]
				},
				{
					"name": "back_fluff_top",
					"parent": "back_fluff",
					"pivot": [0, 18, 3],
					"rotation": [-40, 0, 0],
					"cubes": [
						{"origin": [-1.5, 18, 3], "size": [3, 3, 0], "uv": [42, 19]}
					]
				},
				{
					"name": "back_fluff_bottom",
					"parent": "back_fluff",
					"pivot": [0, 18, 3],
					"rotation": [40, 0, 0],
					"cubes": [
						{"origin": [-1.5, 15, 3], "size": [3, 3, 0], "uv": [48, 19]}
					]
				},
				{
					"name": "back_fluff_left",
					"parent": "back_fluff",
					"pivot": [0, 18, 3],
					"rotation": [0, -40, 0],
					"cubes": [
						{"origin": [0, 16.5, 3], "size": [3, 3, 0], "uv": [54, 19]}
					]
				},
				{
					"name": "back_fluff_right",
					"parent": "back_fluff",
					"pivot": [0, 18, 3],
					"rotation": [0, 40, 0],
					"cubes": [
						{"origin": [-3, 16.5, 3], "size": [3, 3, 0], "uv": [36, 27]}
					]
				},
				{
					"name": "wings",
					"parent": "waist",
					"pivot": [0, 17, 3.2]
				},
				{
					"name": "wing_left",
					"parent": "wings",
					"pivot": [1, 18, 3.2],
					"rotation": [0, -22.5, 0],
					"cubes": [
						{"origin": [1, 12, 3.2], "size": [9, 18, 0], "uv": [64, 24]}
					]
				},
				{
					"name": "wing_left2",
					"parent": "wing_left",
					"pivot": [10, 30, 3.2],
					"cubes": [
						{"origin": [10, 12, 3.2], "size": [16, 24, 0], "uv": [64, 0]}
					]
				},
				{
					"name": "wing_right",
					"parent": "wings",
					"pivot": [-1, 18, 3.2],
					"rotation": [0, 22.5, 0],
					"cubes": [
						{"origin": [-10, 12, 3.2], "size": [9, 18, 0], "uv": [82, 24], "mirror": true}
					]
				},
				{
					"name": "wing_right2",
					"parent": "wing_right",
					"pivot": [-10, 30, 3.2],
					"cubes": [
						{"origin": [-26, 12, 3.2], "size": [16, 24, 0], "uv": [96, 0], "mirror": true}
					]
				},
				{
					"name": "neck",
					"parent": "waist",
					"pivot": [0, 18.5, 2.9],
					"cubes": [
						{"origin": [-2.5, 18, -1.1], "size": [5, 4, 4], "uv": [12, 16]}
					]
				},
				{
					"name": "scarf",
					"parent": "neck",
					"pivot": [0, 20.6, 2.9],
					"rotation": [15, 0, 0],
					"cubes": [
						{"origin": [-5, 20.53874, -2.4921], "size": [10, 3, 8], "uv": [26, 8]}
					]
				},
				{
					"name": "scarf_front",
					"parent": "scarf",
					"pivot": [0, 22.83874, -2.4921],
					"rotation": [-22.5, 0, 0],
					"cubes": [
						{"origin": [-1, 19.84635, -2.45383], "size": [2, 3, 0], "uv": [4, 2]}
					]
				},
				{
					"name": "scarf_front2",
					"parent": "scarf_front",
					"pivot": [0, 19.84635, -2.45383],
					"cubes": [
						{"origin": [-0.5, 16.84635, -2.45383], "size": [1, 3, 0], "uv": [4, 5]}
					]
				},
				{
					"name": "scarf_back",
					"parent": "scarf",
					"pivot": [-0.1, 20.5, 4.3]
				},
				{
					"name": "scarf_back_left",
					"parent": "scarf_back",
					"pivot": [2, 21.3, 4],
					"rotation": [0, 0, -28.5],
					"cubes": [
						{"origin": [0.5, 19.35, 4], "size": [3, 2, 0], "uv": [32, 0]}
					]
				},
				{
					"name": "scarf_back_left2",
					"parent": "scarf_back_left",
					"pivot": [0.5, 19.35, 4],
					"cubes": [
						{"origin": [0, 16.35, 4], "size": [4, 3, 0], "uv": [54, 11]}
					]
				},
				{
					"name": "scarf_back_left3",
					"parent": "scarf_back_left2",
					"pivot": [0, 16.35, 4],
					"cubes": [
						{"origin": [-1, 13.35, 4], "size": [6, 3, 0], "uv": [32, 5]}
					]
				},
				{
					"name": "scarf_back_left4",
					"parent": "scarf_back_left3",
					"pivot": [-1, 13.35, 4],
					"cubes": [
						{"origin": [-2, 9.35, 4], "size": [8, 4, 0], "uv": [48, 0]}
					]
				},
				{
					"name": "scarf_back_right",
					"parent": "scarf_back",
					"pivot": [-2, 21.3, 4],
					"rotation": [0, 0, 28.5],
					"cubes": [
						{"origin": [-3.5, 19.35, 4], "size": [3, 2, 0], "uv": [38, 0], "mirror": true}
					]
				},
				{
					"name": "scarf_back_right2",
					"parent": "scarf_back_right",
					"pivot": [-0.5, 19.35, 4],
					"cubes": [
						{"origin": [-4, 16.35, 4], "size": [4, 3, 0], "uv": [54, 8], "mirror": true}
					]
				},
				{
					"name": "scarf_back_right3",
					"parent": "scarf_back_right2",
					"pivot": [0, 16.35, 4],
					"cubes": [
						{"origin": [-5, 13.35, 4], "size": [6, 3, 0], "uv": [32, 2], "mirror": true}
					]
				},
				{
					"name": "scarf_back_right4",
					"parent": "scarf_back_right3",
					"pivot": [1, 13.35, 4],
					"cubes": [
						{"origin": [-6, 9.35, 4], "size": [8, 4, 0], "uv": [48, 4], "mirror": true}
					]
				},
				{
					"name": "head",
					"parent": "scarf",
					"pivot": [0, 21, 4],
					"rotation": [-15, 0, 0],
					"cubes": [
						{"origin": [-4.5, 21, -4], "size": [9, 8, 8], "uv": [0, 0]}
					]
				},
				{
					"name": "mouth",
					"parent": "head",
					"pivot": [0, 22, -4.01]
				},
				{
					"name": "mouth_closed",
					"parent": "mouth",
					"pivot": [0, 22, -4.01],
					"cubes": [
						{"origin": [-1.5, 21, -4.01], "size": [3, 2, 0], "uv": [0, 39]}
					]
				},
				{
					"name": "mouth_open",
					"parent": "mouth",
					"pivot": [0, 22, -3.91],
					"cubes": [
						{"origin": [-1.5, 21, -3.91], "size": [3, 2, 0], "uv": [0, 41]}
					]
				},
				{
					"name": "eyes",
					"parent": "head",
					"pivot": [0, 25, -3]
				},
				{
					"name": "eye_left",
					"parent": "eyes",
					"pivot": [2.8, 24.9, -4.01667],
					"rotation": [0, 0, 5],
					"cubes": [
						{"origin": [1.8, 22.9, -4.01], "size": [2, 4, 0], "uv": [0, 0]},
						{"origin": [2.3, 25.4, -4.02], "size": [1, 1, 0], "uv": [4, 0]},
						{"origin": [2.3, 23.4, -4.02], "size": [1, 1, 0], "uv": [4, 1]}
					]
				},
				{
					"name": "eyelid_left",
					"parent": "eye_left",
					"pivot": [2.71, 24.9, -3.42],
					"cubes": [
						{"origin": [1.8, 22.9, -3.92], "size": [2, 4, 1], "inflate": 0.01, "uv": [0, 16]}
					]
				},
				{
					"name": "eye_right",
					"parent": "eyes",
					"pivot": [-2.8, 24.9, -4.01667],
					"rotation": [0, 0, -5],
					"cubes": [
						{"origin": [-3.8, 22.9, -4.01], "size": [2, 4, 0], "uv": [0, 4], "mirror": true},
						{"origin": [-3.3, 25.4, -4.02], "size": [1, 1, 0], "uv": [6, 0], "mirror": true},
						{"origin": [-3.3, 23.4, -4.02], "size": [1, 1, 0], "uv": [6, 1], "mirror": true}
					]
				},
				{
					"name": "eyelid_right",
					"parent": "eye_right",
					"pivot": [-2.71, 24.9, -3.42],
					"cubes": [
						{"origin": [-3.8, 22.9, -3.92], "size": [2, 4, 1], "inflate": 0.01, "uv": [6, 16], "mirror": true}
					]
				},
				{
					"name": "eyebrow_hair",
					"parent": "head",
					"pivot": [0, 28, -4]
				},
				{
					"name": "eyebrow_hair_left",
					"parent": "eyebrow_hair",
					"pivot": [3.5, 28, -4],
					"rotation": [22.5, 0, 75],
					"cubes": [
						{"origin": [2, 28, -4], "size": [3, 2, 0], "uv": [26, 0]}
					]
				},
				{
					"name": "eyebrow_hair_left2",
					"parent": "eyebrow_hair_left",
					"pivot": [3.5, 30, -4],
					"rotation": [-15, 0, 0],
					"cubes": [
						{"origin": [2, 30, -4], "size": [3, 2, 0], "uv": [26, 2]}
					]
				},
				{
					"name": "eyebrow_hair_right",
					"parent": "eyebrow_hair",
					"pivot": [-3.5, 28, -4],
					"rotation": [22.5, 0, -75],
					"cubes": [
						{"origin": [-5, 28, -4], "size": [3, 2, 0], "uv": [26, 4], "mirror": true}
					]
				},
				{
					"name": "eyebrow_hair_right2",
					"parent": "eyebrow_hair_right",
					"pivot": [-3.5, 30, -4],
					"rotation": [-15, 0, 0],
					"cubes": [
						{"origin": [-5, 30, -4], "size": [3, 2, 0], "uv": [26, 6], "mirror": true}
					]
				},
				{
					"name": "forehead_hair",
					"parent": "head",
					"pivot": [0, 29, -3],
					"rotation": [-7.5, 0, 0]
				},
				{
					"name": "forehead_hair_left",
					"parent": "forehead_hair",
					"pivot": [0.2, 29, -3],
					"rotation": [0, 0, 10],
					"cubes": [
						{"origin": [0.2, 29, -3], "size": [1, 6, 0], "uv": [62, 8]}
					]
				},
				{
					"name": "forehead_hair_right",
					"parent": "forehead_hair",
					"pivot": [-0.2, 29, -3],
					"rotation": [0, 0, -10],
					"cubes": [
						{"origin": [-1.2, 29, -3], "size": [1, 6, 0], "uv": [62, 14], "mirror": true}
					]
				},
				{
					"name": "legs",
					"parent": "body",
					"pivot": [0, 13, -23.5],
					"rotation": [-90, 0, 0]
				},
				{
					"name": "leg_left",
					"parent": "legs",
					"pivot": [2, 36.7, -23.6],
					"cubes": [
						{"origin": [1.5, 36.7, -23.6], "size": [1, 0, 3], "uv": [-3, 29]}
					]
				},
				{
					"name": "leg_left2",
					"parent": "leg_left",
					"pivot": [2, 36.7, -20.6],
					"cubes": [
						{"origin": [1.5, 36.7, -20.6], "size": [1, 0, 2], "uv": [-2, 34]}
					]
				},
				{
					"name": "leg_left3",
					"parent": "leg_left2",
					"pivot": [2, 36.7, -18.6],
					"cubes": [
						{"origin": [1.5, 36.7, -18.6], "size": [1, 0, 2], "uv": [6, 25]}
					]
				},
				{
					"name": "leg_left4",
					"parent": "leg_left3",
					"pivot": [2, 36.7, -16.6],
					"cubes": [
						{"origin": [1.5, 36.7, -16.6], "size": [1, 0, 2], "uv": [6, 27]}
					]
				},
				{
					"name": "foot_left",
					"parent": "leg_left4",
					"pivot": [2, 36.7, -14.6],
					"cubes": [
						{"origin": [1.5, 36.2, -14.6], "size": [1, 1, 1], "uv": [60, 20]},
						{"origin": [0.5, 35.7, -14.1], "size": [2, 2, 3], "inflate": 0.01, "uv": [10, 28]}
					]
				},
				{
					"name": "leg_right",
					"parent": "legs",
					"pivot": [-2, 36.7, -23.6],
					"cubes": [
						{"origin": [-2.5, 36.7, -23.6], "size": [1, 0, 3], "uv": [4, 29], "mirror": true}
					]
				},
				{
					"name": "leg_right2",
					"parent": "leg_right",
					"pivot": [-2, 36.7, -20.6],
					"cubes": [
						{"origin": [-2.5, 36.7, -20.6], "size": [1, 0, 2], "uv": [5, 34], "mirror": true}
					]
				},
				{
					"name": "leg_right3",
					"parent": "leg_right2",
					"pivot": [-2, 36.7, -18.6],
					"cubes": [
						{"origin": [-2.5, 36.7, -18.6], "size": [1, 0, 2], "uv": [7, 29], "mirror": true}
					]
				},
				{
					"name": "leg_right4",
					"parent": "leg_right3",
					"pivot": [-2, 36.7, -16.6],
					"cubes": [
						{"origin": [-2.5, 36.7, -16.6], "size": [1, 0, 2], "uv": [9, 28], "mirror": true}
					]
				},
				{
					"name": "foot_right",
					"parent": "leg_right4",
					"pivot": [-2, 36.7, -14.6],
					"cubes": [
						{"origin": [-2.5, 36.2, -14.6], "size": [1, 1, 1], "uv": [60, 22], "mirror": true},
						{"origin": [-2.5, 35.7, -14.1], "size": [2, 2, 3], "inflate": 0.01, "uv": [10, 33], "mirror": true}
					]
				}
			]
		}
	]
}