{
	"format_version": "1.12.0",
	"minecraft:geometry": [
		{
			"description": {
				"identifier": "geometry.sableye",
				"texture_width": 64,
				"texture_height": 32,
				"visible_bounds_width": 3,
				"visible_bounds_height": 2.5,
				"visible_bounds_offset": [0, 0.75, 0]
			},
			"bones": [
				{
					"name": "sableye",
					"pivot": [0, 0, 0]
				},
				{
					"name": "body",
					"parent": "sableye",
					"pivot": [0, 7.5, 0.5]
				},
				{
					"name": "torso",
					"parent": "body",
					"pivot": [0, 7, 0.5],
					"cubes": [
						{"origin": [-2.5, 6, -1], "size": [5, 3, 3], "uv": [16, 14]}
					]
				},
				{
					"name": "gem",
					"parent": "torso",
					"pivot": [0, 8.75, -1],
					"cubes": [
						{"origin": [-1, 7.25, -1.5], "size": [2, 3, 1], "uv": [58, 28]}
					]
				},
				{
					"name": "chest",
					"parent": "torso",
					"pivot": [0, 9, 2],
					"cubes": [
						{"origin": [-2.5, 9, -1], "size": [5, 4, 3], "inflate": 0.01, "uv": [0, 14]}
					]
				},
				{
					"name": "head",
					"parent": "chest",
					"pivot": [0.5, 12.5, 0.5],
					"cubes": [
						{"origin": [-4.5, 12.5, -3], "size": [9, 5, 7], "inflate": 0.01, "uv": [1, 1]}
					]
				},
				{
					"name": "mouth",
					"parent": "head",
					"pivot": [0, 13.51, -2.915],
					"cubes": [
						{"origin": [-4.5, 12.51, -2.915], "size": [9, 2, 0], "uv": [39, 30]}
					]
				},
				{
					"name": "ear_right",
					"parent": "head",
					"pivot": [-4.5, 15.24148, 1.5647],
					"rotation": [-50, 50, -50],
					"cubes": [
						{"origin": [-9.5, 13.74148, 1.5647], "size": [5, 10, 0], "uv": [16, 20]}
					]
				},
				{
					"name": "ear_left",
					"parent": "head",
					"pivot": [4.5, 15.24148, 1.5647],
					"rotation": [-50, -50, 50],
					"cubes": [
						{"origin": [4.5, 13.74148, 1.5647], "size": [5, 10, 0], "uv": [0, 21]}
					]
				},
				{
					"name": "eyes",
					"parent": "head",
					"pivot": [-0.05, 16.45, -2.75]
				},
				{
					"name": "eye_right",
					"parent": "eyes",
					"pivot": [-3.3, 17.2, -2.8],
					"cubes": [
						{"origin": [-4.8, 14.7, -3.3], "size": [3, 3, 3], "uv": [52, 0]}
					]
				},
				{
					"name": "eye_left",
					"parent": "eyes",
					"pivot": [3.3, 17.2, -2.8],
					"cubes": [
						{"origin": [1.8, 14.7, -3.3], "size": [3, 3, 3], "uv": [52, 6]}
					]
				},
				{
					"name": "arm_right",
					"parent": "chest",
					"pivot": [-2.5, 11, 0.5],
					"cubes": [
						{"origin": [-7.5, 10, -0.5], "size": [5, 2, 2], "inflate": 0.01, "uv": [26, 4]}
					]
				},
				{
					"name": "arm_right2",
					"parent": "arm_right",
					"pivot": [-7.5, 11, 1.5],
					"cubes": [
						{"origin": [-12.5, 10, -0.5], "size": [5, 2, 2], "uv": [26, 0]},
						{"origin": [-9, 11, 0], "size": [3, 0, 3], "pivot": [-7.5, 11, 1.5], "rotation": [0, -7.5, 0], "uv": [10, 14]}
					]
				},
				{
					"name": "finger_right1",
					"parent": "arm_right2",
					"pivot": [-12.5, 12, -0.5],
					"rotation": [7.5, -15, -25],
					"cubes": [
						{"origin": [-14.5, 11, -0.5], "size": [2, 1, 0], "uv": [0, 3]}
					]
				},
				{
					"name": "finger_right2",
					"parent": "arm_right2",
					"pivot": [-12.5, 12, 0.5],
					"rotation": [0, 0, -25],
					"cubes": [
						{"origin": [-14.5, 11, 0.5], "size": [2, 1, 0], "uv": [3, 0]}
					]
				},
				{
					"name": "finger_right3",
					"parent": "arm_right2",
					"pivot": [-12.5, 12, 1.5],
					"rotation": [-7.5, 15, -25],
					"cubes": [
						{"origin": [-14.5, 11, 1.5], "size": [2, 1, 0], "uv": [3, 1]}
					]
				},
				{
					"name": "arm_left",
					"parent": "chest",
					"pivot": [2.5, 11, 0.5],
					"cubes": [
						{"origin": [2.5, 10, -0.5], "size": [5, 2, 2], "inflate": 0.01, "uv": [26, 24]}
					]
				},
				{
					"name": "arm_left2",
					"parent": "arm_left",
					"pivot": [7.5, 11, 1.5],
					"cubes": [
						{"origin": [7.5, 10, -0.5], "size": [5, 2, 2], "uv": [26, 20]},
						{"origin": [6, 11, 0], "size": [3, 0, 3], "pivot": [7.5, 11, 1.5], "rotation": [0, 7.5, 0], "uv": [7, 21]}
					]
				},
				{
					"name": "finger_left1",
					"parent": "arm_left2",
					"pivot": [12.5, 12, -0.5],
					"rotation": [7.5, 15, 25],
					"cubes": [
						{"origin": [12.5, 11, -0.5], "size": [2, 1, 0], "uv": [4, 5]}
					]
				},
				{
					"name": "finger_left2",
					"parent": "arm_left2",
					"pivot": [12.5, 12, 0.5],
					"rotation": [0, 0, 25],
					"cubes": [
						{"origin": [12.5, 11, 0.5], "size": [2, 1, 0], "uv": [3, 4]}
					]
				},
				{
					"name": "finger_left3",
					"parent": "arm_left2",
					"pivot": [12.5, 12, 1.5],
					"rotation": [-7.5, -15, 25],
					"cubes": [
						{"origin": [12.5, 11, 1.5], "size": [2, 1, 0], "uv": [0, 5]}
					]
				},
				{
					"name": "leg_right",
					"parent": "body",
					"pivot": [-2, 7, 0.5],
					"cubes": [
						{"origin": [-6, 6.5, -0.5], "size": [4, 2, 2], "inflate": 0.01, "pivot": [-2, 7.5, 0.5], "rotation": [0, 0, -90], "uv": [52, 12], "mirror": true}
					]
				},
				{
					"name": "leg_right2",
					"parent": "leg_right",
					"pivot": [-2, 3.5, -0.5],
					"cubes": [
						{"origin": [-6, 2.5, -0.5], "size": [4, 2, 2], "pivot": [-2, 3.5, 0.5], "rotation": [0, 0, -90], "uv": [32, 12], "mirror": true}
					]
				},
				{
					"name": "foot_right",
					"parent": "leg_right2",
					"pivot": [-2, -0.5, 0.5],
					"cubes": [
						{"origin": [-2.5, -1.5, -0.5], "size": [1, 2, 2], "inflate": 0.01, "pivot": [-2, -0.5, 0.5], "rotation": [0, 0, -90], "uv": [34, 8], "mirror": true},
						{"origin": [-3.75, -0.25, -1.5], "size": [1, 0, 1], "pivot": [-3, -0.25, -0.5], "rotation": [-20, 0, -90], "uv": [-1, 7], "mirror": true},
						{"origin": [-2.75, -0.25, -1.5], "size": [1, 0, 1], "pivot": [-2, -0.25, -0.5], "rotation": [0, 0, -90], "uv": [1, 6], "mirror": true},
						{"origin": [-1.75, -0.25, -1.5], "size": [1, 0, 1], "pivot": [-1, -0.25, -0.5], "rotation": [20, 0, -90], "uv": [-1, 6], "mirror": true}
					]
				},
				{
					"name": "leg_left",
					"parent": "body",
					"pivot": [2, 7, 0.5],
					"cubes": [
						{"origin": [2, 6.5, -0.5], "size": [4, 2, 2], "inflate": 0.01, "pivot": [2, 7.5, 0.5], "rotation": [0, 0, 90], "uv": [52, 16]}
					]
				},
				{
					"name": "leg_left2",
					"parent": "leg_left",
					"pivot": [2, 3.5, -0.5],
					"cubes": [
						{"origin": [2, 2.5, -0.5], "size": [4, 2, 2], "pivot": [2, 3.5, 0.5], "rotation": [0, 0, 90], "uv": [32, 16]}
					]
				},
				{
					"name": "foot_left",
					"parent": "leg_left2",
					"pivot": [2, -0.5, 0.5],
					"cubes": [
						{"origin": [5, 2, -0.5], "size": [1, 2, 2], "inflate": 0.01, "pivot": [2, 3, 0.5], "rotation": [0, 0, 90], "uv": [38, 6]},
						{"origin": [2.75, -0.25, -1.5], "size": [1, 0, 1], "pivot": [3, -0.25, -0.5], "rotation": [-20, 0, 90], "uv": [0, 4]},
						{"origin": [1.75, -0.25, -1.5], "size": [1, 0, 1], "pivot": [2, -0.25, -0.5], "rotation": [0, 0, 90], "uv": [3, 3]},
						{"origin": [0.75, -0.25, -1.5], "size": [1, 0, 1], "pivot": [1, -0.25, -0.5], "rotation": [20, 0, 90], "uv": [2, 2]}
					]
				}
			]
		}
	]
}