{
    "implemented": true,
    "name": "Indeedee",
    "nationalPokedexNumber": 876,
    "primaryType": "psychic",
    "secondaryType": "normal",
    "abilities": [
      "innerfocus",
      "synchronize",
      "h:psychicsurge"
    ],
    "baseStats": {
      "hp": 60,
      "attack": 65,
      "defence": 55,
      "special_attack": 105,
      "special_defence": 95,
      "speed": 95
    },
    "catchRate": 30,
    "maleRatio": 1,
    "shoulderMountable": false,
    "forms": [
      {
        "name": "F",
        "primaryType": "psychic",
        "secondaryType": "normal",
        "abilities": [
          "owntempo",
          "synchronize",
          "h:psychicsurge"
        ],
        "baseStats": {
          "hp": 70,
          "attack": 55,
          "defence": 65,
          "special_attack": 95,
          "special_defence": 105,
          "speed": 85
        },
        "catchRate": 30,
        "maleRatio": 0,
        "baseExperienceYield": 166,
        "baseFriendship": 140,
        "evYield": {
          "hp": 0,
          "attack": 0,
          "defence": 0,
          "special_attack": 0,
          "special_defence": 2,
          "speed": 0
        },
        "experienceGroup": "fast",
        "eggCycles": 40,
        "eggGroups": [
          "fairy"
        ],
        "moves": [
          "1:playnice",
          "1:storedpower",
          "5:batonpass",
          "10:disarmingvoice",
          "15:psybeam",
          "20:helpinghand",
          "25:followme",
          "30:aromatherapy",
          "30:healingwish",
          "35:psychic",
          "40:calmmind",
          "45:guardsplit",
          "50:psychicterrain",
          "egg:fakeout",
          "egg:healpulse",
          "egg:psychoshift",
          "egg:psychup",
          "tm:alluringvoice",
          "tm:allyswitch",
          "tm:attract",
          "tm:batonpass",
          "tm:bodyslam",
          "tm:calmmind",
          "tm:charm",
          "tm:dazzlinggleam",
          "tm:disarmingvoice",
          "tm:drainingkiss",
          "tm:drainpunch",
          "tm:endure",
          "tm:energyball",
          "tm:facade",
          "tm:futuresight",
          "tm:guardswap",
          "tm:helpinghand",
          "tm:hypervoice",
          "tm:imprison",
          "tm:lightscreen",
          "tm:magicalleaf",
          "tm:metronome",
          "tm:mysticalfire",
          "tm:payday",
          "tm:playrough",
          "tm:protect",
          "tm:psybeam",
          "tm:psychic",
          "tm:psychicterrain",
          "tm:psychup",
          "tm:psyshock",
          "tm:reflect",
          "tm:rest",
          "tm:round",
          "tm:safeguard",
          "tm:shadowball",
          "tm:skillswap",
          "tm:sleeptalk",
          "tm:snore",
          "tm:storedpower",
          "tm:substitute",
          "tm:swift",
          "tm:takedown",
          "tm:terablast",
          "tm:trick",
          "tm:trickroom",
          "tm:zenheadbutt",
          "tutor:expandingforce",
          "tutor:terrainpulse"
        ],
        "labels": [
          "gen8"
        ],
        "aspects": [
          "f"
        ],
        "height": 9,
        "weight": 280,
        "cannotDynamax": false,
        "battleOnly": false
      }
    ],
    "baseExperienceYield": 166,
    "experienceGroup": "fast",
    "eggCycles": 40,
    "eggGroups": [
      "fairy"
    ],
    "moves": [
      "1:playnice",
      "1:storedpower",
      "5:encore",
      "10:disarmingvoice",
      "15:psybeam",
      "20:helpinghand",
      "25:afteryou",
      "30:aromatherapy",
      "30:healingwish",
      "35:psychic",
      "40:calmmind",
      "45:powersplit",
      "50:psychicterrain",
      "55:lastresort",
      "egg:extrasensory",
      "egg:fakeout",
      "egg:psychup",
      "tm:allyswitch",
      "tm:attract",
      "tm:bodyslam",
      "tm:calmmind",
      "tm:dazzlinggleam",
      "tm:disarmingvoice",
      "tm:drainingkiss",
      "tm:drainpunch",
      "tm:encore",
      "tm:endure",
      "tm:energyball",
      "tm:expandingforce",
      "tm:facade",
      "tm:futuresight",
      "tm:gravity",
      "tm:helpinghand",
      "tm:hypervoice",
      "tm:imprison",
      "tm:magicalleaf",
      "tm:magicroom",
      "tm:metronome",
      "tm:mysticalfire",
      "tm:payday",
      "tm:playrough",
      "tm:powerswap",
      "tm:protect",
      "tm:psybeam",
      "tm:psychic",
      "tm:psychicnoise",
      "tm:psychicterrain",
      "tm:psychup",
      "tm:psyshock",
      "tm:rest",
      "tm:round",
      "tm:shadowball",
      "tm:skillswap",
      "tm:sleeptalk",
      "tm:snore",
      "tm:storedpower",
      "tm:substitute",
      "tm:swift",
      "tm:takedown",
      "tm:terablast",
      "tm:triattack",
      "tm:trick",
      "tm:trickroom",
      "tm:wonderroom",
      "tm:zenheadbutt",
      "tutor:expandingforce",
      "tutor:terrainpulse"
    ],
    "labels": [
      "gen8"
    ],
    "pokedex": [
      "cobblemon.species.indeedee.desc"
    ],
    "evolutions": [],
    "baseScale": 1,
    "hitbox": {
      "width": 1,
      "height": 1,
      "fixed": false
    },
    "baseFriendship": 140,
    "evYield": {
      "hp": 0,
      "attack": 0,
      "defence": 0,
      "special_attack": 2,
      "special_defence": 0,
      "speed": 0
    },
    "height": 9,
    "weight": 280,
    "aspects": [],
    "cannotDynamax": false,
    "drops": {
      "amount": 1,
      "entries": [
        {
          "item": "cobblemon:bluk_berry",
          "percentage": 5.0
        }
      ]
    }
  }
  