{
  "implemented": true,
  "name": "Skiddo",
  "nationalPokedexNumber": 672,
  "primaryType": "grass",
  "abilities": ["sapsipper", "h:grasspelt"],
  "baseStats": {
    "hp": 66,
    "attack": 65,
    "defence": 48,
    "special_attack": 62,
    "special_defence": 57,
    "speed": 52
  },
  "catchRate": 200,
  "maleRatio": 0.5,
  "shoulderMountable": false,
  "baseExperienceYield": 70,
  "experienceGroup": "medium_fast",
  "eggCycles": 20,
  "eggGroups": ["field"],
  "moves": [
    "1:growth",
    "1:tackle",
    "7:vinewhip",
    "9:tailwhip",
    "12:leechseed",
    "13:razorleaf",
    "16:worryseed",
    "20:synthesis",
    "22:takedown",
    "26:bulldoze",
    "30:seedbomb",
    "34:bulkup",
    "38:doubleedge",
    "42:hornleech",
    "45:leafblade",
    "50:milkdrink",
    "egg:defensecurl",
    "egg:grassyterrain",
    "egg:milkdrink",
    "egg:rollout",
    "tm:attract",
    "tm:bodyslam",
    "tm:brickbreak",
    "tm:bulkup",
    "tm:bulldoze",
    "tm:bulletseed",
    "tm:confide",
    "tm:dig",
    "tm:doubleedge",
    "tm:doubleteam",
    "tm:endeavor",
    "tm:endure",
    "tm:energyball",
    "tm:facade",
    "tm:frustration",
    "tm:gigadrain",
    "tm:grassknot",
    "tm:grassyglide",
    "tm:grassyterrain",
    "tm:helpinghand",
    "tm:hiddenpower",
    "tm:leafstorm",
    "tm:magicalleaf",
    "tm:mudshot",
    "tm:mudslap",
    "tm:naturepower",
    "tm:payback",
    "tm:playrough",
    "tm:protect",
    "tm:raindance",
    "tm:rest",
    "tm:retaliate",
    "tm:return",
    "tm:roar",
    "tm:rockslide",
    "tm:rocksmash",
    "tm:round",
    "tm:secretpower",
    "tm:seedbomb",
    "tm:sleeptalk",
    "tm:solarbeam",
    "tm:stompingtantrum",
    "tm:strength",
    "tm:substitute",
    "tm:sunnyday",
    "tm:surf",
    "tm:swagger",
    "tm:takedown",
    "tm:terablast",
    "tm:toxic",
    "tm:trailblaze",
    "tm:wildcharge",
    "tm:workup",
    "tm:zenheadbutt",
    "tutor:gigadrain",
    "tutor:irontail",
    "tutor:seedbomb",
    "tutor:snore",
    "tutor:synthesis",
    "tutor:worryseed",
    "tutor:zenheadbutt"
  ],
  "labels": ["gen6"],
  "pokedex": ["cobblemon.species.skiddo.desc"],
  "evolutions": [
    {
      "id": "skiddo_gogoat",
      "variant": "level_up",
      "result": "gogoat",
      "consumeHeldItem": false,
      "learnableMoves": ["aerialace"],
      "requirements": [
        {
          "variant": "level",
          "minLevel": 32
        }
      ]
    }
  ],
  "baseScale": 1,
  "hitbox": {
    "width": 1,
    "height": 1,
    "fixed": false
  },
  "baseFriendship": 70,
  "evYield": {
    "hp": 1,
    "attack": 0,
    "defence": 0,
    "special_attack": 0,
    "special_defence": 0,
    "speed": 0
  },
  "height": 9,
  "weight": 310,
  "aspects": [],
  "cannotDynamax": false,
  "drops": {
    "amount": 3,
    "entries": [
      {
        "item": "minecraft:mutton",
        "quantityRange": "1-2"
      },
      {
        "item": "cobblemon:oran_berry",
        "percentage": 2.5
      }
    ]
  }
}
