{
	"format_version": "1.12.0",
	"minecraft:geometry": [
		{
			"description": {
				"identifier": "geometry.combee_female",
				"texture_width": 64,
				"texture_height": 32,
				"visible_bounds_width": 3,
				"visible_bounds_height": 2.5,
				"visible_bounds_offset": [0, 0.75, 0]
			},
			"bones": [
				{
					"name": "combee",
					"pivot": [0, 0, 0]
				},
				{
					"name": "torso",
					"parent": "combee",
					"pivot": [0, 5, 0]
				},
				{
					"name": "bee_right",
					"parent": "torso",
					"pivot": [3, -1, 0],
					"cubes": [
						{"origin": [-3, -1, -2], "size": [6, 6, 5], "inflate": -0.1, "uv": [17, 17]},
						{"origin": [-3, 1, -0.5], "size": [0, 2, 2], "inflate": -0.1, "uv": [45, 6], "mirror": true}
					]
				},
				{
					"name": "face_right",
					"parent": "bee_right",
					"pivot": [0.5, 1.5, -2],
					"cubes": [
						{"origin": [-2.5, -0.5, -2.375], "size": [5, 5, 1], "inflate": -0.1, "uv": [36, 0]}
					]
				},
				{
					"name": "eyes_right",
					"parent": "face_right",
					"pivot": [0, 2.5, -2.376],
					"cubes": [
						{"origin": [1, 1.75, -2.385], "size": [1, 1, 0], "inflate": -0.1, "uv": [30, 16]},
						{"origin": [-2, 1.75, -2.385], "size": [1, 1, 0], "inflate": -0.1, "uv": [11, 28]}
					]
				},
				{
					"name": "eyelids_right",
					"parent": "eyes_right",
					"pivot": [0, 2.5, -1.776],
					"cubes": [
						{"origin": [-2, 1.75, -2.276], "size": [1, 1, 1], "inflate": -0.1, "uv": [31, 0]},
						{"origin": [1, 1.75, -2.276], "size": [1, 1, 1], "inflate": -0.1, "uv": [12, 26]}
					]
				},
				{
					"name": "antenna_right",
					"parent": "face_right",
					"pivot": [-1.5, 4, -2.375],
					"cubes": [
						{"origin": [-2, 4, -2.375], "size": [1, 2, 0], "uv": [32, 8]}
					]
				},
				{
					"name": "antenna_right2",
					"parent": "antenna_right",
					"pivot": [-1, 6, -2.375],
					"cubes": [
						{"origin": [-2, 6, -2.375], "size": [1, 2, 0], "uv": [31, 2]}
					]
				},
				{
					"name": "antenna_right3",
					"parent": "antenna_right2",
					"pivot": [-1, 8, -2.375],
					"cubes": [
						{"origin": [-2.5, 8, -2.375], "size": [2, 2, 0], "uv": [0, 0]}
					]
				},
				{
					"name": "mouth_right_open",
					"parent": "face_right",
					"pivot": [0.6, 1, -2.276],
					"cubes": [
						{"origin": [-0.9, 0.5, -2.276], "size": [2, 1, 0], "inflate": -0.1, "uv": [26, 16]}
					]
				},
				{
					"name": "mouth_right",
					"parent": "face_right",
					"pivot": [0, 1.25, -2],
					"cubes": [
						{"origin": [-1, 0.5, -2.375], "size": [2, 1, 0], "inflate": -0.1, "uv": [0, 15]},
						{"origin": [-0.5, 1, -2.375], "size": [1, 1, 0], "inflate": -0.1, "uv": [3, 13]}
					]
				},
				{
					"name": "wing_right",
					"parent": "bee_right",
					"pivot": [-3, 2, 0.5],
					"cubes": [
						{"origin": [-9.5, -0.5, 0.5], "size": [7, 4, 0], "uv": [22, 4]}
					]
				},
				{
					"name": "bee_gender",
					"parent": "torso",
					"pivot": [0, 5, 0],
					"cubes": [
						{"origin": [-3, -1, -2], "size": [6, 6, 5], "uv": [0, 11]}
					]
				},
				{
					"name": "face_gender",
					"parent": "bee_gender",
					"pivot": [0, 2.5, -2],
					"cubes": [
						{"origin": [-2.5, -0.5, -2.375], "size": [5, 5, 1], "uv": [52, 6]}
					]
				},
				{
					"name": "mouth_left2",
					"parent": "face_gender",
					"pivot": [3, 7.25, -2],
					"cubes": [
						{"origin": [-1, 0.5, -2.375], "size": [2, 1, 0], "inflate": 0.005, "uv": [0, 4]},
						{"origin": [-0.5, 1, -2.375], "size": [1, 1, 0], "inflate": 0.01, "uv": [3, 11]}
					]
				},
				{
					"name": "eyes_gender",
					"parent": "face_gender",
					"pivot": [0, 2.75, -2.376],
					"cubes": [
						{"origin": [-2, 1.75, -2.385], "size": [1, 1, 0], "uv": [15, 26]},
						{"origin": [1, 1.75, -2.385], "size": [1, 1, 0], "uv": [24, 16]}
					]
				},
				{
					"name": "eyelids_gender",
					"parent": "eyes_gender",
					"pivot": [0, 2.5, -1.776],
					"cubes": [
						{"origin": [-2, 1.75, -2.276], "size": [1, 1, 1], "inflate": 0.01, "uv": [12, 24]},
						{"origin": [1, 1.75, -2.276], "size": [1, 1, 1], "inflate": 0.01, "uv": [12, 22]}
					]
				},
				{
					"name": "mouth_gender_open",
					"parent": "face_gender",
					"pivot": [-0.4, 1, -2.276],
					"cubes": [
						{"origin": [-0.9, 0.5, -2.276], "size": [2, 1, 0], "inflate": 0.02, "uv": [13, 29]}
					]
				},
				{
					"name": "butt",
					"parent": "bee_gender",
					"pivot": [0, 2.5, 3],
					"cubes": [
						{"origin": [-2.5, -0.5, 1.5], "size": [5, 5, 3], "uv": [19, 8]},
						{"origin": [-2, 0, 4.5], "size": [4, 4, 1], "uv": [35, 7]}
					]
				},
				{
					"name": "bee_left",
					"parent": "torso",
					"pivot": [-3, -1, 0],
					"cubes": [
						{"origin": [-3, -1, -2], "size": [6, 6, 5], "inflate": -0.1, "uv": [0, 0]},
						{"origin": [3, 1, -0.5], "size": [0, 2, 2], "inflate": -0.1, "uv": [45, 4]}
					]
				},
				{
					"name": "face_left",
					"parent": "bee_left",
					"pivot": [-0.5, 1.5, -2],
					"cubes": [
						{"origin": [-2.5, -0.5, -2.375], "size": [5, 5, 1], "inflate": -0.1, "uv": [0, 22]}
					]
				},
				{
					"name": "eyes_left",
					"parent": "face_left",
					"pivot": [0, 2.5, -2.376],
					"cubes": [
						{"origin": [-2, 1.75, -2.385], "size": [1, 1, 0], "inflate": -0.1, "uv": [22, 16]},
						{"origin": [1, 1.75, -2.385], "size": [1, 1, 0], "inflate": -0.1, "uv": [15, 22]}
					]
				},
				{
					"name": "eyelids_left",
					"parent": "eyes_left",
					"pivot": [0, 2.5, -1.776],
					"cubes": [
						{"origin": [-2, 1.75, -2.276], "size": [1, 1, 1], "inflate": -0.1, "uv": [0, 13]},
						{"origin": [1, 1.75, -2.276], "size": [1, 1, 1], "inflate": -0.1, "uv": [0, 11]}
					]
				},
				{
					"name": "antenna_left",
					"parent": "face_left",
					"pivot": [1.5, 4, -2.375],
					"cubes": [
						{"origin": [1, 4, -2.375], "size": [1, 2, 0], "uv": [17, 13]}
					]
				},
				{
					"name": "antenna_left2",
					"parent": "antenna_left",
					"pivot": [0, 6, -2.375],
					"cubes": [
						{"origin": [1, 6, -2.375], "size": [1, 2, 0], "uv": [17, 11]}
					]
				},
				{
					"name": "antenna_left3",
					"parent": "antenna_left2",
					"pivot": [0, 8, -2.375],
					"cubes": [
						{"origin": [0.5, 8, -2.375], "size": [2, 2, 0], "uv": [0, 2]}
					]
				},
				{
					"name": "mouth_left_open",
					"parent": "face_left",
					"pivot": [-0.25, 1, -2.276],
					"cubes": [
						{"origin": [-0.9, 0.5, -2.276], "size": [2, 1, 0], "inflate": -0.1, "uv": [13, 28]}
					]
				},
				{
					"name": "mouth_left",
					"parent": "face_left",
					"pivot": [0, 1.25, -2],
					"cubes": [
						{"origin": [-1, 0.5, -2.375], "size": [2, 1, 0], "inflate": -0.1, "uv": [17, 4]},
						{"origin": [-0.5, 1, -2.375], "size": [1, 1, 0], "inflate": -0.1, "uv": [17, 15]}
					]
				},
				{
					"name": "wing_left",
					"parent": "bee_left",
					"pivot": [3, 2, 0.5],
					"cubes": [
						{"origin": [2.5, -0.5, 0.5], "size": [7, 4, 0], "uv": [17, 0]}
					]
				}
			]
		}
	]
}