{
	"format_version": "1.12.0",
	"minecraft:geometry": [
		{
			"description": {
				"identifier": "geometry.unknown",
				"texture_width": 128,
				"texture_height": 128,
				"visible_bounds_width": 4,
				"visible_bounds_height": 3.5,
				"visible_bounds_offset": [0, 1.25, 0]
			},
			"bones": [
				{
					"name": "dachsbun",
					"pivot": [0, 0, 0]
				},
				{
					"name": "body",
					"parent": "dachsbun",
					"pivot": [0, 11.875, 6]
				},
				{
					"name": "torso",
					"parent": "body",
					"pivot": [0, 11.875, 6],
					"cubes": [
						{"origin": [-6, 3.125, -6.4], "size": [16, 9, 12], "inflate": -0.01, "pivot": [0, 4.125, -0.4], "rotation": [-90, 55, -90], "uv": [0, 0]},
						{"origin": [-2.6, 6.525, -20.05], "size": [0, 11, 17], "pivot": [0, 16.125, -11.55], "rotation": [-90, 48.25, -90], "uv": [94, 100]},
						{"origin": [4.8, 7.05842, -14.37938], "size": [0, 4.7, 3], "pivot": [4.8, 10.60842, -13.32938], "rotation": [-68.83634, -51.12167, -112.66098], "uv": [104, 114]},
						{"origin": [-4.8, 7.05842, -14.37938], "size": [0, 4.7, 3], "pivot": [-4.8, 10.60842, -13.32938], "rotation": [-68.83634, 51.12167, 112.66098], "uv": [98, 104]},
						{"origin": [0.53393, 5.12739, -11.21155], "size": [5, 9, 7], "inflate": -0.01, "pivot": [3.18606, 13.45964, -6.97622], "rotation": [-81.69264, 47.91207, -93.32339], "uv": [103, 107]},
						{"origin": [0.53393, 7.50239, -11.13655], "size": [5, 9, 7], "inflate": -0.02, "pivot": [3.18606, 13.45964, -6.97622], "rotation": [-16.69264, 47.91207, -93.32339], "uv": [104, 112]},
						{"origin": [-5.53393, 7.50239, -11.13655], "size": [5, 9, 7], "inflate": -0.01, "pivot": [-3.18606, 13.45964, -6.97622], "rotation": [-16.69264, -47.91207, 93.32339], "uv": [97, 104]},
						{"origin": [-1.3767, 4.86731, -8.26505], "size": [5, 9, 7], "inflate": 0.01, "pivot": [0, 14.76779, -6.93853], "rotation": [-81.69264, -47.91207, 93.32339], "uv": [95, 111]},
						{"origin": [-1.69691, 13.575, -3.42516], "size": [5, 3, 6], "pivot": [0.32809, 15.075, 0.07484], "rotation": [-4.75, -44, 0], "uv": [100, 105]},
						{"origin": [-1.62191, 13.575, 4.42484], "size": [5, 3, 6], "pivot": [0.87809, 15.075, 7.92484], "rotation": [-6.25, -44, 0], "uv": [90, 114]},
						{"origin": [-3.79691, 13.425, 12.34984], "size": [7.5, 3, 7], "pivot": [2.02809, 15.075, 15.52484], "rotation": [-4.75, 0, 0], "uv": [92, 118]},
						{"origin": [-2.85309, 13.575, -2.75016], "size": [4, 3, 5], "pivot": [-2.87809, 15.075, 0.07484], "rotation": [-4.75, 44, 0], "uv": [101, 118]},
						{"origin": [-2.85309, 13.575, 3.94984], "size": [4, 3, 5], "pivot": [-2.87809, 15.075, 6.44984], "rotation": [-4.75, 44, 0], "uv": [89, 101]},
						{"origin": [-2.97809, 13.575, 10.04984], "size": [4, 3, 5], "pivot": [-2.32809, 15.075, 12.54984], "rotation": [-4.75, 44, 0], "uv": [107, 120]}
					]
				},
				{
					"name": "head",
					"parent": "torso",
					"pivot": [0, 14.23125, -6.43125],
					"cubes": [
						{"origin": [-1, 15.125, -18.525], "size": [2, 2, 2], "uv": [51, 22]},
						{"origin": [-3, 14.4, -17.95], "size": [6, 2, 6], "inflate": 0.2, "uv": [58, 67]},
						{"origin": [-6, 12.2, -13.975], "size": [12, 10, 10], "uv": [0, 22]}
					]
				},
				{
					"name": "jaw",
					"parent": "head",
					"pivot": [0, 14.675, -13.975],
					"cubes": [
						{"origin": [-3, 12.7, -17.975], "size": [6, 2, 6], "uv": [61, 39]}
					]
				},
				{
					"name": "eyes",
					"parent": "head",
					"pivot": [0, 16.2, -9.975]
				},
				{
					"name": "eye_left",
					"parent": "eyes",
					"pivot": [2.95, 17.9, -14.0475],
					"cubes": [
						{"origin": [2, 16.7, -14.035], "size": [2, 2, 0], "uv": [6, 5]},
						{"origin": [2.4, 17.6, -14.06], "size": [1, 1, 0], "uv": [6, 7]}
					]
				},
				{
					"name": "eyelid_left",
					"parent": "eye_left",
					"pivot": [3, 17.7, -13.435],
					"cubes": [
						{"origin": [2, 16.7, -13.935], "size": [2, 2, 1], "inflate": 0.01, "uv": [6, 0]}
					]
				},
				{
					"name": "eye_right",
					"parent": "eyes",
					"pivot": [-2.95, 17.9, -14.0475],
					"cubes": [
						{"origin": [-3.4, 17.6, -14.06], "size": [1, 1, 0], "uv": [5, 0]},
						{"origin": [-4, 16.7, -14.035], "size": [2, 2, 0], "uv": [6, 3]}
					]
				},
				{
					"name": "eyelid_right",
					"parent": "eye_right",
					"pivot": [-3, 17.7, -13.435],
					"cubes": [
						{"origin": [-4, 16.7, -13.935], "size": [2, 2, 1], "inflate": 0.01, "uv": [0, 0]}
					]
				},
				{
					"name": "ear_right",
					"parent": "head",
					"pivot": [-5.89402, 18.50422, -8.975],
					"cubes": [
						{"origin": [-12.43305, 15.61275, -11.975], "size": [3, 5, 6], "pivot": [-7.93305, 18.11275, -8.975], "rotation": [0, -90, -72.25], "uv": [105, 111]},
						{"origin": [-12.43305, 15.61275, -11.975], "size": [3, 5, 6], "inflate": -0.01, "pivot": [-7.93305, 18.11275, -8.975], "rotation": [-177.75, 0, 105], "uv": [102, 117]},
						{"origin": [-5.93305, 15.61275, -11.975], "size": [3, 5, 6], "inflate": -0.02, "pivot": [-7.93305, 18.11275, -8.975], "rotation": [0, -90, -77.25], "uv": [108, 61]},
						{"origin": [-6.43305, 15.61275, -11.975], "size": [3, 5, 6], "inflate": -0.01, "pivot": [-7.93305, 18.11275, -8.975], "rotation": [177.75, 0, 105], "uv": [109, 86]},
						{"origin": [-10, 21.2, -10.975], "size": [4, 6, 4], "pivot": [-4, 21.2, -13.975], "rotation": [0, 0, -75], "uv": [112, 55]}
					]
				},
				{
					"name": "ear_left",
					"parent": "head",
					"pivot": [5.89402, 18.50422, -8.975],
					"cubes": [
						{"origin": [5.93305, 15.11275, -10.975], "size": [4, 6, 4], "pivot": [7.93305, 18.11275, -8.975], "rotation": [180, 0, -105], "uv": [71, 118]},
						{"origin": [6.43305, 15.61275, -14.975], "size": [3, 5, 6], "pivot": [7.93305, 18.11275, -11.975], "rotation": [0, 90, 72.75], "uv": [110, 111]},
						{"origin": [6.43305, 15.61275, -8.475], "size": [3, 5, 6], "inflate": -0.02, "pivot": [7.93305, 18.11275, -5.475], "rotation": [0, 90, 77.25], "uv": [81, 117]},
						{"origin": [5.6566, 18.51053, -11.975], "size": [3, 5, 6], "inflate": -0.01, "pivot": [7.1566, 21.01053, -8.975], "rotation": [-177.75, 0, -105], "uv": [110, 98]},
						{"origin": [7.20951, 12.71498, -11.975], "size": [3, 5, 6], "inflate": -0.01, "pivot": [8.70951, 15.21498, -8.975], "rotation": [177.75, 0, -105], "uv": [81, 117]}
					]
				},
				{
					"name": "eyebrow_left",
					"parent": "head",
					"pivot": [2.83241, 20.75664, -13.475],
					"cubes": [
						{"origin": [1.75, 19.8, -14.475], "size": [2, 2, 2], "pivot": [2.75, 20.7, -13.475], "rotation": [0, 0, 55.5], "uv": [0, 26]}
					]
				},
				{
					"name": "eyebrow_right",
					"parent": "head",
					"pivot": [-2.83241, 20.75664, -13.475],
					"cubes": [
						{"origin": [-3.75, 19.8, -14.475], "size": [2, 2, 2], "pivot": [-2.75, 20.7, -13.475], "rotation": [0, 0, -55.5], "uv": [0, 22]}
					]
				},
				{
					"name": "tail",
					"parent": "torso",
					"pivot": [-0.05926, 15.81265, 14.07275],
					"rotation": [45, 0, 0],
					"cubes": [
						{"origin": [-3.05, 9.48255, 15.26233], "size": [6, 8, 4], "pivot": [-0.05, 14.44468, 17.47446], "rotation": [90, 0, 0], "uv": [108, 15]}
					]
				},
				{
					"name": "tail2",
					"parent": "tail",
					"pivot": [-0.09304, 16.24575, 16.75354],
					"rotation": [7, 0, 0],
					"cubes": [
						{"origin": [-5.04587, 6.14443, 16.35941], "size": [10, 13, 0], "pivot": [-0.05, 17.89468, 17.99946], "rotation": [90, 0, 0], "uv": [80, 115]}
					]
				},
				{
					"name": "leg_front_right",
					"parent": "body",
					"pivot": [-5.5, 9.25, -3.5],
					"rotation": [2.5, 0, 0],
					"cubes": [
						{"origin": [-6.5, 4.38435, -5.98289], "size": [4, 7, 5], "inflate": 0.01, "uv": [0, 69]}
					]
				},
				{
					"name": "leg_front_right2",
					"parent": "leg_front_right",
					"pivot": [-5.5, 4.78091, -2.5416],
					"rotation": [-22.5, 0, 0],
					"cubes": [
						{"origin": [-6.5, 1.02527, -3.96295], "size": [4, 4, 3], "uv": [44, 51]}
					]
				},
				{
					"name": "leg_front_right3",
					"parent": "leg_front_right2",
					"pivot": [-5.5, 1.35426, -2.93279],
					"rotation": [20, 0, 0],
					"cubes": [
						{"origin": [-6.5, -0.39574, -5.18279], "size": [4, 2, 4], "inflate": 0.01, "uv": [80, 91]}
					]
				},
				{
					"name": "leg_front_left",
					"parent": "body",
					"pivot": [5.5, 9.25, -3.5],
					"rotation": [2.5, 0, 0],
					"cubes": [
						{"origin": [2.5, 4.38435, -5.98289], "size": [4, 7, 5], "inflate": 0.01, "uv": [53, 75]}
					]
				},
				{
					"name": "leg_front_left2",
					"parent": "leg_front_left",
					"pivot": [5.5, 4.78091, -2.5416],
					"rotation": [-22.5, 0, 0],
					"cubes": [
						{"origin": [2.5, 1.02527, -3.96295], "size": [4, 4, 3], "uv": [58, 94]}
					]
				},
				{
					"name": "leg_front_left3",
					"parent": "leg_front_left2",
					"pivot": [5.5, 1.35426, -2.93279],
					"rotation": [20, 0, 0],
					"cubes": [
						{"origin": [2.5, -0.39574, -5.18279], "size": [4, 2, 4], "inflate": 0.01, "uv": [92, 93]}
					]
				},
				{
					"name": "leg_back_right",
					"parent": "body",
					"pivot": [-5.5, 10, 5.75],
					"rotation": [2.5, 0, 0],
					"cubes": [
						{"origin": [-6.5, 4.97052, 2.57617], "size": [4, 7, 6], "inflate": 0.01, "uv": [108, 61]}
					]
				},
				{
					"name": "leg_back_right2",
					"parent": "leg_back_right",
					"pivot": [-5.5, 5.13803, 7.782],
					"rotation": [-20, 0, 0],
					"cubes": [
						{"origin": [-6.5, -0.1944, 4.9027], "size": [4, 6, 3], "pivot": [-4.5, 3.39768, 6.60929], "rotation": [-18, 0, 0], "uv": [70, 119]}
					]
				},
				{
					"name": "leg_back_right3",
					"parent": "leg_back_right2",
					"pivot": [-4.5, 0.21603, 5.19608],
					"rotation": [17.5, 0, 0],
					"cubes": [
						{"origin": [-6.5, -1.03397, 2.44608], "size": [4, 2, 4], "inflate": 0.01, "uv": [84, 119]}
					]
				},
				{
					"name": "leg_back_left",
					"parent": "body",
					"pivot": [5.5, 10, 5.75],
					"rotation": [2.5, 0, 0],
					"cubes": [
						{"origin": [2.5, 4.97052, 2.57617], "size": [4, 7, 6], "inflate": 0.01, "uv": [37, 115]}
					]
				},
				{
					"name": "leg_back_left2",
					"parent": "leg_back_left",
					"pivot": [5.5, 5.138, 7.782],
					"rotation": [-20, 0, 0],
					"cubes": [
						{"origin": [2.5, -0.1944, 4.9027], "size": [4, 6, 3], "pivot": [4.5, 3.62603, 6.51414], "rotation": [-18, 0, 0], "uv": [110, 74]}
					]
				},
				{
					"name": "leg_back_left3",
					"parent": "leg_back_left2",
					"pivot": [4.5, 0.216, 5.1961],
					"rotation": [17.5, 0, 0],
					"cubes": [
						{"origin": [2.5, -1.034, 2.4461], "size": [4, 2, 4], "inflate": 0.01, "uv": [112, 107]}
					]
				}
			]
		}
	]
}