{
	"format_version": "1.12.0",
	"minecraft:geometry": [
		{
			"description": {
				"identifier": "geometry.falinks",
				"texture_width": 128,
				"texture_height": 128,
				"visible_bounds_width": 6,
				"visible_bounds_height": 2.5,
				"visible_bounds_offset": [0, 0.75, 0]
			},
			"bones": [
				{
					"name": "falinks",
					"pivot": [0, 0, 0]
				},
				{
					"name": "body",
					"parent": "falinks",
					"pivot": [0, 6.5, 0]
				},
				{
					"name": "torso1",
					"parent": "body",
					"pivot": [0, 2.5, 0],
					"cubes": [
						{"origin": [-1, 14.5, -4], "size": [2, 3, 2], "pivot": [0, 10.5, -3.5], "rotation": [45, 0, 0], "uv": [60, 0]},
						{"origin": [-4.5, 2, -4.5], "size": [9, 9, 9], "uv": [0, 0]},
						{"origin": [-1, 11, -3], "size": [2, 3, 6], "uv": [27, 0]},
						{"origin": [-1.5, 9.5, -4.5], "size": [3, 5, 3], "pivot": [0, 10.5, -3.5], "rotation": [45, 0, 0], "uv": [67, 38]},
						{"origin": [-1, 6.5, -4.5], "size": [2, 5, 3], "pivot": [0.5, 7.5, -3.5], "rotation": [15, 0, 0], "uv": [75, 52]}
					]
				},
				{
					"name": "eye_left1",
					"parent": "torso1",
					"pivot": [2.25, 6.5, -4.0125],
					"cubes": [
						{"origin": [1.25, 5, -4.51], "size": [2, 3, 1], "uv": [6, 81]},
						{"origin": [1.75, 5.5, -4.515], "size": [1, 2, 1], "uv": [46, 58]}
					]
				},
				{
					"name": "eyelid_left1",
					"parent": "eye_left1",
					"pivot": [2.25, 6.5, -3.91],
					"cubes": [
						{"origin": [1.25, 5, -4.41], "size": [2, 3, 1], "inflate": 0.01, "uv": [0, 81]}
					]
				},
				{
					"name": "eye_right1",
					"parent": "torso1",
					"pivot": [-2.25, 6.5, -4.0125],
					"cubes": [
						{"origin": [-3.25, 5, -4.51], "size": [2, 3, 1], "uv": [81, 24]},
						{"origin": [-2.75, 5.5, -4.515], "size": [1, 2, 1], "uv": [58, 55]}
					]
				},
				{
					"name": "eyelid_right1",
					"parent": "eye_right1",
					"pivot": [-2.25, 6.5, -3.91],
					"cubes": [
						{"origin": [-3.25, 5, -4.41], "size": [2, 3, 1], "inflate": 0.01, "uv": [24, 81]}
					]
				},
				{
					"name": "shield_left1",
					"parent": "torso1",
					"pivot": [5.5, 6.5, 0],
					"cubes": [
						{"origin": [4.5, 3, -3.5], "size": [1, 7, 7], "uv": [0, 50]},
						{"origin": [5.5, 5.5, -1], "size": [2, 2, 2], "uv": [43, 6]},
						{"origin": [4.5, 8, -3.5], "size": [1, 0, 2], "uv": [4, 5]},
						{"origin": [4.5, 8, -1.5], "size": [1, 2, 0], "uv": [0, 5]}
					]
				},
				{
					"name": "shield_right1",
					"parent": "torso1",
					"pivot": [-5.5, 6.5, 0],
					"cubes": [
						{"origin": [-5.5, 3, -3.5], "size": [1, 7, 7], "uv": [49, 35]},
						{"origin": [-7.5, 5.5, -1], "size": [2, 2, 2], "uv": [0, 5]},
						{"origin": [-5.5, 8, -3.5], "size": [1, 0, 2], "uv": [4, 0]},
						{"origin": [-5.5, 8, -1.5], "size": [1, 2, 0], "uv": [0, 0]}
					]
				},
				{
					"name": "leg_left1",
					"parent": "body",
					"pivot": [2, 3, 0],
					"cubes": [
						{"origin": [0.5, 0, -1.5], "size": [3, 3, 3], "uv": [76, 32]}
					]
				},
				{
					"name": "leg_right1",
					"parent": "body",
					"pivot": [-2, 3, 0],
					"cubes": [
						{"origin": [-3.5, 0, -1.5], "size": [3, 3, 3], "uv": [67, 74]}
					]
				},
				{
					"name": "body2",
					"parent": "falinks",
					"pivot": [0, 5.5, -13]
				},
				{
					"name": "torso2",
					"parent": "body2",
					"pivot": [0, 2.5, -13.5],
					"cubes": [
						{"origin": [-1, 12, -17], "size": [2, 3, 2], "pivot": [0, 9.5, -16.5], "rotation": [45, 0, 0], "uv": [94, 56]},
						{"origin": [-4, 2, -17.5], "size": [8, 8, 8], "uv": [66, 86]},
						{"origin": [-1, 10, -15.5], "size": [2, 2, 5], "uv": [108, 99]},
						{"origin": [-1.5, 8.5, -17.5], "size": [3, 4, 3], "pivot": [0, 9.5, -16.5], "rotation": [45, 0, 0], "uv": [112, 69]}
					]
				},
				{
					"name": "eye_left2",
					"parent": "torso2",
					"pivot": [2, 6, -17.0125],
					"cubes": [
						{"origin": [1, 4.5, -17.51], "size": [2, 3, 1], "uv": [111, 124]},
						{"origin": [1.5, 5, -17.515], "size": [1, 2, 1], "uv": [100, 79]}
					]
				},
				{
					"name": "eyelid_left2",
					"parent": "eye_left2",
					"pivot": [2, 6, -16.91],
					"cubes": [
						{"origin": [1, 4.5, -17.41], "size": [2, 3, 1], "inflate": 0.01, "uv": [105, 124]}
					]
				},
				{
					"name": "eye_right2",
					"parent": "torso2",
					"pivot": [-2, 6, -17.0125],
					"cubes": [
						{"origin": [-3, 4.5, -17.51], "size": [2, 3, 1], "uv": [122, 57]},
						{"origin": [-2.5, 5, -17.515], "size": [1, 2, 1], "uv": [98, 76]}
					]
				},
				{
					"name": "eyelid_right2",
					"parent": "eye_right2",
					"pivot": [-2, 6, -16.91],
					"cubes": [
						{"origin": [-3, 4.5, -17.41], "size": [2, 3, 1], "inflate": 0.01, "uv": [122, 44]}
					]
				},
				{
					"name": "shield_left2",
					"parent": "torso2",
					"pivot": [4.75, 6, -13.5],
					"cubes": [
						{"origin": [3.75, 3, -16.5], "size": [1, 6, 6], "uv": [104, 70]},
						{"origin": [4.75, 5, -14.5], "size": [1, 2, 2], "uv": [74, 123]}
					]
				},
				{
					"name": "shield_right2",
					"parent": "torso2",
					"pivot": [-4.75, 6, -13.5],
					"cubes": [
						{"origin": [-4.75, 3, -16.5], "size": [1, 6, 6], "uv": [102, 50]},
						{"origin": [-5.75, 5, -14.5], "size": [1, 2, 2], "uv": [60, 123]}
					]
				},
				{
					"name": "leg_left2",
					"parent": "body2",
					"pivot": [2, 2.5, -13.5],
					"cubes": [
						{"origin": [0.5, 0, -15], "size": [3, 3, 3], "uv": [110, 40]}
					]
				},
				{
					"name": "leg_right2",
					"parent": "body2",
					"pivot": [-2, 2.5, -13.5],
					"cubes": [
						{"origin": [-3.5, 0, -15], "size": [3, 3, 3], "uv": [116, 70]}
					]
				},
				{
					"name": "body3",
					"parent": "falinks",
					"pivot": [0, 5.5, -2]
				},
				{
					"name": "torso3",
					"parent": "body3",
					"pivot": [0, 2.5, -2.5],
					"cubes": [
						{"origin": [-1, 12, -6], "size": [2, 3, 2], "pivot": [0, 9.5, -5.5], "rotation": [45, 0, 0], "uv": [114, 107]},
						{"origin": [-4, 2, -6.5], "size": [8, 8, 8], "uv": [96, 112]},
						{"origin": [-1, 10, -4.5], "size": [2, 2, 5], "uv": [114, 121]},
						{"origin": [-1.5, 8.5, -6.5], "size": [3, 4, 3], "pivot": [0, 9.5, -5.5], "rotation": [45, 0, 0], "uv": [116, 121]}
					]
				},
				{
					"name": "eye_left3",
					"parent": "torso3",
					"pivot": [2, 6, -6.0125],
					"cubes": [
						{"origin": [1, 4.5, -6.51], "size": [2, 3, 1], "uv": [122, 119]},
						{"origin": [1.5, 5, -6.515], "size": [1, 2, 1], "uv": [43, 99]}
					]
				},
				{
					"name": "eyelid_left3",
					"parent": "eye_left3",
					"pivot": [2, 6, -5.91],
					"cubes": [
						{"origin": [1, 4.5, -6.41], "size": [2, 3, 1], "inflate": 0.01, "uv": [91, 124]}
					]
				},
				{
					"name": "eye_right3",
					"parent": "torso3",
					"pivot": [-2, 6, -6.0125],
					"cubes": [
						{"origin": [-3, 4.5, -6.51], "size": [2, 3, 1], "uv": [122, 117]},
						{"origin": [-2.5, 5, -6.515], "size": [1, 2, 1], "uv": [61, 125]}
					]
				},
				{
					"name": "eyelid_right3",
					"parent": "eye_right3",
					"pivot": [-2, 6, -5.91],
					"cubes": [
						{"origin": [-3, 4.5, -6.41], "size": [2, 3, 1], "inflate": 0.01, "uv": [122, 113]}
					]
				},
				{
					"name": "shield_left3",
					"parent": "torso3",
					"pivot": [4.75, 6, -2.5],
					"cubes": [
						{"origin": [3.75, 3, -5.5], "size": [1, 6, 6], "uv": [104, 89]},
						{"origin": [4.75, 5, -3.5], "size": [1, 2, 2], "uv": [122, 124]}
					]
				},
				{
					"name": "shield_right3",
					"parent": "torso3",
					"pivot": [-4.75, 6, -2.5],
					"cubes": [
						{"origin": [-4.75, 3, -5.5], "size": [1, 6, 6], "uv": [114, 105]},
						{"origin": [-5.75, 5, -3.5], "size": [1, 2, 2], "uv": [98, 124]}
					]
				},
				{
					"name": "leg_left3",
					"parent": "body3",
					"pivot": [2, 2.5, -2.5],
					"cubes": [
						{"origin": [0.5, 0, -4], "size": [3, 3, 3], "uv": [116, 122]}
					]
				},
				{
					"name": "leg_right3",
					"parent": "body3",
					"pivot": [-2, 2.5, -2.5],
					"cubes": [
						{"origin": [-3.5, 0, -4], "size": [3, 3, 3], "uv": [116, 122]}
					]
				},
				{
					"name": "body4",
					"parent": "falinks",
					"pivot": [0, 5.5, 9]
				},
				{
					"name": "torso4",
					"parent": "body4",
					"pivot": [0, 2.5, 8.5],
					"cubes": [
						{"origin": [-1, 12, 5], "size": [2, 3, 2], "pivot": [0, 9.5, 5.5], "rotation": [45, 0, 0], "uv": [43, 93]},
						{"origin": [-4, 2, 4.5], "size": [8, 8, 8], "uv": [94, 95]},
						{"origin": [-1, 10, 6.5], "size": [2, 2, 5], "uv": [58, 111]},
						{"origin": [-1.5, 8.5, 4.5], "size": [3, 4, 3], "pivot": [0, 9.5, 5.5], "rotation": [45, 0, 0], "uv": [113, 113]}
					]
				},
				{
					"name": "eye_left4",
					"parent": "torso4",
					"pivot": [2, 6, 4.9875],
					"cubes": [
						{"origin": [1, 4.5, 4.49], "size": [2, 3, 1], "uv": [122, 112]},
						{"origin": [1.5, 5, 4.485], "size": [1, 2, 1], "uv": [47, 98]}
					]
				},
				{
					"name": "eyelid_left4",
					"parent": "eye_left4",
					"pivot": [2, 6, 5.09],
					"cubes": [
						{"origin": [1, 4.5, 4.59], "size": [2, 3, 1], "inflate": 0.01, "uv": [122, 108]}
					]
				},
				{
					"name": "eye_right4",
					"parent": "torso4",
					"pivot": [-2, 6, 4.9875],
					"cubes": [
						{"origin": [-3, 4.5, 4.49], "size": [2, 3, 1], "uv": [56, 124]},
						{"origin": [-2.5, 5, 4.485], "size": [1, 2, 1], "uv": [43, 98]}
					]
				},
				{
					"name": "eyelid_right4",
					"parent": "eye_right4",
					"pivot": [-2, 6, 5.09],
					"cubes": [
						{"origin": [-3, 4.5, 4.59], "size": [2, 3, 1], "inflate": 0.01, "uv": [102, 123]}
					]
				},
				{
					"name": "shield_left4",
					"parent": "torso4",
					"pivot": [4.75, 6, 8.5],
					"cubes": [
						{"origin": [3.75, 3, 5.5], "size": [1, 6, 6], "uv": [82, 104]},
						{"origin": [4.75, 5, 7.5], "size": [1, 2, 2], "uv": [72, 123]}
					]
				},
				{
					"name": "shield_right4",
					"parent": "torso4",
					"pivot": [-4.75, 6, 8.5],
					"cubes": [
						{"origin": [-4.75, 3, 5.5], "size": [1, 6, 6], "uv": [68, 104]},
						{"origin": [-5.75, 5, 7.5], "size": [1, 2, 2], "uv": [66, 123]}
					]
				},
				{
					"name": "leg_left4",
					"parent": "body4",
					"pivot": [2, 2.5, 8.5],
					"cubes": [
						{"origin": [0.5, 0, 7], "size": [3, 3, 3], "uv": [102, 117]}
					]
				},
				{
					"name": "leg_right4",
					"parent": "body4",
					"pivot": [-2, 2.5, 8.5],
					"cubes": [
						{"origin": [-3.5, 0, 7], "size": [3, 3, 3], "uv": [115, 61]}
					]
				},
				{
					"name": "body5",
					"parent": "falinks",
					"pivot": [0, 5.5, 20]
				},
				{
					"name": "torso5",
					"parent": "body5",
					"pivot": [0, 2.5, 19.5],
					"cubes": [
						{"origin": [-1, 12, 16], "size": [2, 3, 2], "pivot": [0, 9.5, 16.5], "rotation": [45, 0, 0], "uv": [42, 103]},
						{"origin": [-4, 2, 15.5], "size": [8, 8, 8], "uv": [85, 98]},
						{"origin": [-1, 10, 17.5], "size": [2, 2, 5], "uv": [46, 111]},
						{"origin": [-1.5, 8.5, 15.5], "size": [3, 4, 3], "pivot": [0, 9.5, 16.5], "rotation": [45, 0, 0], "uv": [114, 47]}
					]
				},
				{
					"name": "eye_left5",
					"parent": "torso5",
					"pivot": [2, 6, 15.9875],
					"cubes": [
						{"origin": [1, 4.5, 15.49], "size": [2, 3, 1], "uv": [52, 124]},
						{"origin": [1.5, 5, 15.485], "size": [1, 2, 1], "uv": [66, 106]}
					]
				},
				{
					"name": "eyelid_left5",
					"parent": "eye_left5",
					"pivot": [2, 6, 16.09],
					"cubes": [
						{"origin": [1, 4.5, 15.59], "size": [2, 3, 1], "inflate": 0.01, "uv": [46, 124]}
					]
				},
				{
					"name": "eye_right5",
					"parent": "torso5",
					"pivot": [-2, 6, 15.9875],
					"cubes": [
						{"origin": [-3, 4.5, 15.49], "size": [2, 3, 1], "uv": [82, 123]},
						{"origin": [-2.5, 5, 15.485], "size": [1, 2, 1], "uv": [66, 103]}
					]
				},
				{
					"name": "eyelid_right5",
					"parent": "eye_right5",
					"pivot": [-2, 6, 16.09],
					"cubes": [
						{"origin": [-3, 4.5, 15.59], "size": [2, 3, 1], "inflate": 0.01, "uv": [122, 68]}
					]
				},
				{
					"name": "shield_left5",
					"parent": "torso5",
					"pivot": [4.75, 6, 19.5],
					"cubes": [
						{"origin": [3.75, 3, 16.5], "size": [1, 6, 6], "uv": [100, 67]},
						{"origin": [4.75, 5, 18.5], "size": [1, 2, 2], "uv": [118, 109]}
					]
				},
				{
					"name": "shield_right5",
					"parent": "torso5",
					"pivot": [-4.75, 6, 19.5],
					"cubes": [
						{"origin": [-4.75, 3, 16.5], "size": [1, 6, 6], "uv": [96, 99]},
						{"origin": [-5.75, 5, 18.5], "size": [1, 2, 2], "uv": [114, 54]}
					]
				},
				{
					"name": "leg_left5",
					"parent": "body5",
					"pivot": [2, 2.5, 19.5],
					"cubes": [
						{"origin": [0.5, 0, 18], "size": [3, 3, 3], "uv": [46, 118]}
					]
				},
				{
					"name": "leg_right5",
					"parent": "body5",
					"pivot": [-2, 2.5, 19.5],
					"cubes": [
						{"origin": [-3.5, 0, 18], "size": [3, 3, 3], "uv": [83, 117]}
					]
				},
				{
					"name": "body6",
					"parent": "falinks",
					"pivot": [0, 5.5, 31]
				},
				{
					"name": "torso6",
					"parent": "body6",
					"pivot": [0, 2.5, 30.5],
					"cubes": [
						{"origin": [-1, 12, 27], "size": [2, 3, 2], "pivot": [0, 9.5, 27.5], "rotation": [45, 0, 0], "uv": [95, 106]},
						{"origin": [-4, 2, 26.5], "size": [8, 8, 8], "uv": [86, 108]},
						{"origin": [-1, 10, 28.5], "size": [2, 2, 5], "uv": [114, 78]},
						{"origin": [-1.5, 8.5, 26.5], "size": [3, 4, 3], "pivot": [0, 9.5, 27.5], "rotation": [45, 0, 0], "uv": [61, 110]}
					]
				},
				{
					"name": "eye_left6",
					"parent": "torso6",
					"pivot": [2, 6, 26.9875],
					"cubes": [
						{"origin": [1, 4.5, 26.49], "size": [2, 3, 1], "uv": [61, 124]},
						{"origin": [1.5, 5, 26.485], "size": [1, 2, 1], "uv": [54, 102]}
					]
				},
				{
					"name": "eyelid_left6",
					"parent": "eye_left6",
					"pivot": [2, 6, 27.09],
					"cubes": [
						{"origin": [1, 4.5, 26.59], "size": [2, 3, 1], "inflate": 0.01, "uv": [110, 98]}
					]
				},
				{
					"name": "eye_right6",
					"parent": "torso6",
					"pivot": [-2, 6, 26.9875],
					"cubes": [
						{"origin": [-3, 4.5, 26.49], "size": [2, 3, 1], "uv": [52, 110]},
						{"origin": [-2.5, 5, 26.485], "size": [1, 2, 1], "uv": [50, 102]}
					]
				},
				{
					"name": "eyelid_right6",
					"parent": "eye_right6",
					"pivot": [-2, 6, 27.09],
					"cubes": [
						{"origin": [-3, 4.5, 26.59], "size": [2, 3, 1], "inflate": 0.01, "uv": [100, 90]}
					]
				},
				{
					"name": "shield_left6",
					"parent": "torso6",
					"pivot": [4.75, 6, 30.5],
					"cubes": [
						{"origin": [3.75, 3, 27.5], "size": [1, 6, 6], "uv": [68, 112]},
						{"origin": [4.75, 5, 29.5], "size": [1, 2, 2], "uv": [100, 86]}
					]
				},
				{
					"name": "shield_right6",
					"parent": "torso6",
					"pivot": [-4.75, 6, 30.5],
					"cubes": [
						{"origin": [-4.75, 3, 27.5], "size": [1, 6, 6], "uv": [104, 60]},
						{"origin": [-5.75, 5, 29.5], "size": [1, 2, 2], "uv": [97, 90]}
					]
				},
				{
					"name": "leg_left6",
					"parent": "body6",
					"pivot": [2, 2.5, 30.5],
					"cubes": [
						{"origin": [0.5, 0, 29], "size": [3, 3, 3], "uv": [84, 118]}
					]
				},
				{
					"name": "leg_right6",
					"parent": "body6",
					"pivot": [-2, 2.5, 30.5],
					"cubes": [
						{"origin": [-3.5, 0, 29], "size": [3, 3, 3], "uv": [89, 60]}
					]
				}
			]
		}
	]
}