{
	"format_version": "1.12.0",
	"minecraft:geometry": [
		{
			"description": {
				"identifier": "geometry.magneton",
				"texture_width": 64,
				"texture_height": 64,
				"visible_bounds_width": 4,
				"visible_bounds_height": 3.5,
				"visible_bounds_offset": [0, 1.25, 0]
			},
			"bones": [
				{
					"name": "magneton",
					"pivot": [0, 0, 0]
				},
				{
					"name": "allbodies",
					"parent": "magneton",
					"pivot": [0, 0, 0]
				},
				{
					"name": "body",
					"parent": "allbodies",
					"pivot": [0, 16.5, 0],
					"cubes": [
						{"origin": [-4, 13, -4], "size": [8, 8, 8], "uv": [0, 0]}
					],
					"locators": {
						"lowerleft": [3, 13, 0],
						"lowerright": [-3, 13, 0]
					}
				},
				{
					"name": "eye",
					"parent": "body",
					"pivot": [0, 17, -4.01],
					"cubes": [
						{"origin": [-2, 15, -4.01], "size": [4, 4, 0], "uv": [32, 8]}
					]
				},
				{
					"name": "pupil",
					"parent": "eye",
					"pivot": [0, 17, -4.1],
					"cubes": [
						{"origin": [-0.5, 16.5, -4.02], "size": [1, 1, 0], "uv": [40, 8]}
					]
				},
				{
					"name": "pupil_closed",
					"parent": "eye",
					"pivot": [0, 17, -3.92],
					"cubes": [
						{"origin": [-1.5, 16.5, -3.92], "size": [3, 1, 0], "uv": [32, 15]}
					]
				},
				{
					"name": "nail_head",
					"parent": "body",
					"pivot": [0, 21, 0],
					"cubes": [
						{"origin": [-1, 20.5, -1], "size": [2, 3, 2], "uv": [38, 11]},
						{"origin": [-2, 23.5, -2], "size": [4, 1, 4], "uv": [48, 8]},
						{"origin": [-1.5, 24.51, -1.5], "size": [3, 0, 3], "uv": [49, 13]}
					]
				},
				{
					"name": "nail_left",
					"parent": "body",
					"pivot": [2.75, 14, -4],
					"rotation": [0, -25, 0]
				},
				{
					"name": "nail_left_rotation",
					"parent": "nail_left",
					"pivot": [2.75, 14, -4],
					"cubes": [
						{"origin": [1.75, 13, -6.5], "size": [2, 2, 1], "uv": [32, 12]},
						{"origin": [2.25, 13.5, -5.5], "size": [1, 1, 2], "uv": [40, 8]}
					]
				},
				{
					"name": "nail_right",
					"parent": "body",
					"pivot": [-2.75, 14, -4],
					"rotation": [0, 25, 0]
				},
				{
					"name": "nail_right_rotation",
					"parent": "nail_right",
					"pivot": [-2.75, 14, -4],
					"cubes": [
						{"origin": [-3.75, 13, -6.5], "size": [2, 2, 1], "uv": [46, 8], "mirror": true},
						{"origin": [-3.25, 13.5, -5.5], "size": [1, 1, 2], "uv": [46, 13], "mirror": true}
					]
				},
				{
					"name": "magnets",
					"parent": "body",
					"pivot": [0.5, 12.5, 0]
				},
				{
					"name": "magnet_left",
					"parent": "magnets",
					"pivot": [4, 17, 0]
				},
				{
					"name": "magnet_left_rotation",
					"parent": "magnet_left",
					"pivot": [4, 17, 0],
					"cubes": [
						{"origin": [5, 14, -1], "size": [6, 2, 2], "uv": [48, 56]},
						{"origin": [3.5, 14, -1], "size": [2, 6, 2], "inflate": 0.01, "uv": [0, 56]},
						{"origin": [5, 18, -1], "size": [6, 2, 2], "uv": [32, 56]}
					]
				},
				{
					"name": "magnet_right",
					"parent": "magnets",
					"pivot": [-4, 17, 0]
				},
				{
					"name": "magnet_right_rotation",
					"parent": "magnet_right",
					"pivot": [-4, 17, 0],
					"cubes": [
						{"origin": [-11, 14, -1], "size": [6, 2, 2], "uv": [29, 60], "mirror": true},
						{"origin": [-5.5, 14, -1], "size": [2, 6, 2], "inflate": 0.01, "uv": [5, 56], "mirror": true},
						{"origin": [-11, 18, -1], "size": [6, 2, 2], "uv": [13, 60], "mirror": true}
					]
				},
				{
					"name": "body2",
					"parent": "allbodies",
					"pivot": [10, 4.5, 0],
					"cubes": [
						{"origin": [6, 1, -4], "size": [8, 8, 8], "uv": [0, 16]}
					]
				},
				{
					"name": "eye2",
					"parent": "body2",
					"pivot": [10, 5, -4.01],
					"cubes": [
						{"origin": [8, 3, -4.01], "size": [4, 4, 0], "uv": [32, 24]}
					]
				},
				{
					"name": "pupil2",
					"parent": "eye2",
					"pivot": [10, 5, -4.1],
					"cubes": [
						{"origin": [9.5, 4.5, -4.02], "size": [1, 1, 0], "uv": [40, 24]}
					]
				},
				{
					"name": "pupil_closed2",
					"parent": "eye2",
					"pivot": [10, 5, -3.92],
					"cubes": [
						{"origin": [8.5, 4.5, -3.92], "size": [3, 1, 0], "uv": [32, 31]}
					]
				},
				{
					"name": "nail_head2",
					"parent": "body2",
					"pivot": [10, 9, 0],
					"cubes": [
						{"origin": [9, 8.5, -1], "size": [2, 3, 2], "uv": [38, 27]},
						{"origin": [8, 11.5, -2], "size": [4, 1, 4], "uv": [48, 24]},
						{"origin": [8.5, 12.51, -1.5], "size": [3, 0, 3], "uv": [49, 29]}
					]
				},
				{
					"name": "nail_left2",
					"parent": "body2",
					"pivot": [12.75, 2, -4],
					"rotation": [0, -25, 0]
				},
				{
					"name": "nail_left_rotation2",
					"parent": "nail_left2",
					"pivot": [12.75, 2, -4],
					"cubes": [
						{"origin": [11.75, 1, -6.5], "size": [2, 2, 1], "uv": [32, 28]},
						{"origin": [12.25, 1.5, -5.5], "size": [1, 1, 2], "uv": [40, 24]}
					]
				},
				{
					"name": "magnets2",
					"parent": "body2",
					"pivot": [10.5, 0.5, 0]
				},
				{
					"name": "magnet_left2",
					"parent": "magnets2",
					"pivot": [14, 5, 0]
				},
				{
					"name": "magnet_left2_rotation",
					"parent": "magnet_left2",
					"pivot": [14, 5, 0],
					"cubes": [
						{"origin": [15, 2, -1], "size": [6, 2, 2], "uv": [48, 56]},
						{"origin": [13.5, 2, -1], "size": [2, 6, 2], "inflate": 0.01, "uv": [0, 56]},
						{"origin": [15, 6, -1], "size": [6, 2, 2], "uv": [32, 56]}
					]
				},
				{
					"name": "magnet_right2",
					"parent": "magnets2",
					"pivot": [6, 5, 0]
				},
				{
					"name": "magnet_right2_rotation",
					"parent": "magnet_right2",
					"pivot": [6, 5, 0],
					"cubes": [
						{"origin": [-1, 2, -1], "size": [6, 2, 2], "uv": [46, 60], "mirror": true},
						{"origin": [4.5, 2, -1], "size": [2, 6, 2], "inflate": 0.01, "uv": [22, 56], "mirror": true},
						{"origin": [-1, 6, -1], "size": [6, 2, 2], "uv": [30, 60], "mirror": true}
					]
				},
				{
					"name": "body3",
					"parent": "allbodies",
					"pivot": [-10, 4.5, 0],
					"cubes": [
						{"origin": [-14, 1, -4], "size": [8, 8, 8], "uv": [0, 32]}
					]
				},
				{
					"name": "eye3",
					"parent": "body3",
					"pivot": [-10, 5, -4.01],
					"cubes": [
						{"origin": [-12, 3, -4.01], "size": [4, 4, 0], "uv": [32, 40]}
					]
				},
				{
					"name": "pupil3",
					"parent": "eye3",
					"pivot": [-10, 5, -4.1],
					"cubes": [
						{"origin": [-10.5, 4.5, -4.02], "size": [1, 1, 0], "uv": [40, 40]}
					]
				},
				{
					"name": "pupil_closed3",
					"parent": "eye3",
					"pivot": [-10, 5, -3.92],
					"cubes": [
						{"origin": [-11.5, 4.5, -3.92], "size": [3, 1, 0], "uv": [32, 47]}
					]
				},
				{
					"name": "nail_head3",
					"parent": "body3",
					"pivot": [-10, 9, 0],
					"cubes": [
						{"origin": [-11, 8.5, -1], "size": [2, 3, 2], "uv": [38, 43]},
						{"origin": [-12, 11.5, -2], "size": [4, 1, 4], "uv": [48, 40]},
						{"origin": [-11.5, 12.51, -1.5], "size": [3, 0, 3], "uv": [49, 45], "mirror": true}
					]
				},
				{
					"name": "nail_right3",
					"parent": "body3",
					"pivot": [-12.75, 2, -4],
					"rotation": [0, 25, 0]
				},
				{
					"name": "nail_right_rotation3",
					"parent": "nail_right3",
					"pivot": [-12.75, 2, -4],
					"cubes": [
						{"origin": [-13.75, 1, -6.5], "size": [2, 2, 1], "uv": [32, 44], "mirror": true},
						{"origin": [-13.25, 1.5, -5.5], "size": [1, 1, 2], "uv": [40, 40], "mirror": true}
					]
				},
				{
					"name": "magnets3",
					"parent": "body3",
					"pivot": [-9.5, 0.5, 0]
				},
				{
					"name": "magnet_left3",
					"parent": "magnets3",
					"pivot": [-6, 5, 0]
				},
				{
					"name": "magnet_left3_rotation",
					"parent": "magnet_left3",
					"pivot": [-6, 5, 0],
					"cubes": [
						{"origin": [-6.5, 2, -1], "size": [2, 6, 2], "inflate": 0.01, "uv": [0, 56]},
						{"origin": [-5, 6, -1], "size": [6, 2, 2], "uv": [32, 56]},
						{"origin": [-5, 2, -1], "size": [6, 2, 2], "uv": [48, 56]}
					]
				},
				{
					"name": "magnet_right3",
					"parent": "magnets3",
					"pivot": [-14, 5, 0]
				},
				{
					"name": "magnet_right3_rotation",
					"parent": "magnet_right3",
					"pivot": [-14, 5, 0],
					"cubes": [
						{"origin": [-21, 2, -1], "size": [6, 2, 2], "uv": [48, 60], "mirror": true},
						{"origin": [-15.5, 2, -1], "size": [2, 6, 2], "inflate": 0.01, "uv": [24, 56], "mirror": true},
						{"origin": [-21, 6, -1], "size": [6, 2, 2], "uv": [32, 60], "mirror": true}
					]
				}
			]
		}
	]
}