{
	"format_version": "1.12.0",
	"minecraft:geometry": [
		{
			"description": {
				"identifier": "geometry.sudowoodo",
				"texture_width": 128,
				"texture_height": 64,
				"visible_bounds_width": 5,
				"visible_bounds_height": 4.5,
				"visible_bounds_offset": [0, 1.75, 0]
			},
			"bones": [
				{
					"name": "sudowoodo",
					"pivot": [0, 0, 0]
				},
				{
					"name": "body",
					"parent": "sudowoodo",
					"pivot": [0, 22, 0]
				},
				{
					"name": "torso",
					"parent": "body",
					"pivot": [0, 7.5, 0],
					"cubes": [
						{"origin": [-3.5, 6, -3.5], "size": [7, 11, 7], "uv": [0, 18]}
					]
				},
				{
					"name": "torso2",
					"parent": "torso",
					"pivot": [0, 16.5, 0],
					"cubes": [
						{"origin": [-3.5, 16, -3.5], "size": [7, 11, 7], "inflate": 0.01, "uv": [0, 0]}
					]
				},
				{
					"name": "head",
					"parent": "torso2",
					"pivot": [0, 26, 0],
					"cubes": [
						{"origin": [-3.5, 25.5, -3.5], "size": [7, 9, 7], "inflate": 0.02, "uv": [28, 0]},
						{"origin": [-1, 33.5, -1], "size": [2, 5, 2], "inflate": 0.01, "uv": [21, 0]}
					]
				},
				{
					"name": "eye_left",
					"parent": "head",
					"pivot": [0, 6.5, 0],
					"cubes": [
						{"origin": [1, 29.5, -3.51], "size": [1, 3, 1], "inflate": 0.02, "uv": [0, 36]}
					]
				},
				{
					"name": "eyelid_left",
					"parent": "eye_left",
					"pivot": [0, 6.5, 0.1],
					"cubes": [
						{"origin": [0.75, 29.5, -3.41], "size": [2, 3, 1], "inflate": 0.03, "uv": [0, 18]}
					]
				},
				{
					"name": "eye_right",
					"parent": "head",
					"pivot": [0, 6.5, 0],
					"cubes": [
						{"origin": [-2, 29.5, -3.51], "size": [1, 3, 1], "inflate": 0.02, "uv": [28, 26]}
					]
				},
				{
					"name": "eyelid_right",
					"parent": "eye_right",
					"pivot": [0, 6.5, 0.1],
					"cubes": [
						{"origin": [-2.75, 29.5, -3.41], "size": [2, 3, 1], "inflate": 0.03, "uv": [0, 0]}
					]
				},
				{
					"name": "mouth_open",
					"parent": "head",
					"pivot": [0, 28.16119, -2.91],
					"cubes": [
						{"origin": [1, 27.5, -3.41], "size": [2, 1, 1], "inflate": 0.02, "pivot": [1, 27.5, -2.91], "rotation": [0, 0, -15], "uv": [29, 2]},
						{"origin": [-3, 27.5, -3.41], "size": [2, 1, 1], "inflate": 0.02, "pivot": [-1, 27.5, -2.91], "rotation": [0, 0, 15], "uv": [27, 0]},
						{"origin": [-1, 27.5, -3.41], "size": [2, 1, 1], "inflate": 0.03, "uv": [21, 22]}
					]
				},
				{
					"name": "mouth_closed",
					"parent": "head",
					"pivot": [0, 28.16119, -3.01],
					"cubes": [
						{"origin": [1, 27.5, -3.51], "size": [2, 1, 1], "inflate": 0.02, "pivot": [1, 27.5, -3.01], "rotation": [0, 0, -15], "uv": [0, 22]},
						{"origin": [-3, 27.5, -3.51], "size": [2, 1, 1], "inflate": 0.02, "pivot": [-1, 27.5, -3.01], "rotation": [0, 0, 15], "uv": [21, 20]},
						{"origin": [-1, 27.5, -3.51], "size": [2, 1, 1], "inflate": 0.03, "uv": [0, 4]}
					]
				},
				{
					"name": "stem",
					"parent": "head",
					"pivot": [0, 6.5, 0]
				},
				{
					"name": "stem_left",
					"parent": "stem",
					"pivot": [0, 38.5, 0],
					"rotation": [0, 0, 60],
					"cubes": [
						{"origin": [0, 37.5, -1], "size": [2, 6, 2], "uv": [113, 25]}
					]
				},
				{
					"name": "stem_right",
					"parent": "stem",
					"pivot": [0, 38.5, 0],
					"rotation": [0, 0, -60],
					"cubes": [
						{"origin": [-2, 37.5, -1], "size": [2, 6, 2], "uv": [105, 25]}
					]
				},
				{
					"name": "arm_left",
					"parent": "torso2",
					"pivot": [3, 23, 0],
					"cubes": [
						{"origin": [2, 22, -1], "size": [8, 2, 2], "uv": [66, 0]}
					]
				},
				{
					"name": "arm_left2",
					"parent": "arm_left",
					"pivot": [9.5, 23, 0],
					"cubes": [
						{"origin": [9, 22, -1], "size": [6, 2, 2], "inflate": 0.01, "uv": [66, 4]}
					]
				},
				{
					"name": "finger_left",
					"parent": "arm_left2",
					"pivot": [14.5, 23, 0],
					"cubes": [
						{"origin": [14, 22.5, -0.5], "size": [5, 1, 1], "uv": [116, 18]}
					]
				},
				{
					"name": "leaf_left",
					"parent": "finger_left",
					"pivot": [18, 23, 0],
					"cubes": [
						{"origin": [17.5, 20.5, -2.5], "size": [5, 5, 5], "uv": [108, 54]}
					]
				},
				{
					"name": "finger_left2",
					"parent": "arm_left2",
					"pivot": [12.5, 23, 0],
					"rotation": [0, 0, -55],
					"cubes": [
						{"origin": [12, 22.5, -0.5], "size": [5, 1, 1], "uv": [55, 39]}
					]
				},
				{
					"name": "leaf_left2",
					"parent": "finger_left2",
					"pivot": [15.5, 23, 0],
					"cubes": [
						{"origin": [15, 20.5, -2.5], "size": [5, 5, 5], "uv": [80, 54]}
					]
				},
				{
					"name": "finger_left3",
					"parent": "arm_left2",
					"pivot": [12.5, 23, 0],
					"rotation": [0, 0, 55],
					"cubes": [
						{"origin": [12, 22.5, -0.5], "size": [5, 1, 1], "uv": [55, 37]}
					]
				},
				{
					"name": "leaf_left3",
					"parent": "finger_left3",
					"pivot": [14.5, 21, 0],
					"cubes": [
						{"origin": [15, 20.5, -2.5], "size": [5, 5, 5], "uv": [79, 49]}
					]
				},
				{
					"name": "arm_right",
					"parent": "torso2",
					"pivot": [-3, 23, 0],
					"cubes": [
						{"origin": [-10, 22, -1], "size": [8, 2, 2], "uv": [43, 16]}
					]
				},
				{
					"name": "arm_right2",
					"parent": "arm_right",
					"pivot": [-9.5, 23, 0],
					"cubes": [
						{"origin": [-15, 22, -1], "size": [6, 2, 2], "inflate": 0.01, "uv": [48, 31]}
					]
				},
				{
					"name": "finger_right",
					"parent": "arm_right2",
					"pivot": [-14.5, 23, 0],
					"cubes": [
						{"origin": [-19, 22.5, -0.5], "size": [5, 1, 1], "uv": [55, 35]}
					]
				},
				{
					"name": "leaf_right",
					"parent": "finger_right",
					"pivot": [-18, 23, 0],
					"cubes": [
						{"origin": [-22.5, 20.5, -2.5], "size": [5, 5, 5], "uv": [72, 41]}
					]
				},
				{
					"name": "finger_right2",
					"parent": "arm_right2",
					"pivot": [-12.5, 23, 0],
					"rotation": [0, 0, 55],
					"cubes": [
						{"origin": [-17, 22.5, -0.5], "size": [5, 1, 1], "uv": [66, 8]}
					]
				},
				{
					"name": "leaf_right2",
					"parent": "finger_right2",
					"pivot": [-15.5, 23, 0],
					"cubes": [
						{"origin": [-20, 20.5, -2.5], "size": [5, 5, 5], "uv": [90, 40]}
					]
				},
				{
					"name": "finger_right3",
					"parent": "arm_right2",
					"pivot": [-12.5, 23, 0],
					"rotation": [0, 0, -55],
					"cubes": [
						{"origin": [-17, 22.5, -0.5], "size": [5, 1, 1], "uv": [21, 18]}
					]
				},
				{
					"name": "leaf_right3",
					"parent": "finger_right3",
					"pivot": [-14.5, 21, 0],
					"cubes": [
						{"origin": [-20, 20.5, -2.5], "size": [5, 5, 5], "uv": [88, 49]}
					]
				},
				{
					"name": "leg_left",
					"parent": "body",
					"pivot": [3.5, 9, 0],
					"cubes": [
						{"origin": [2, 5, -2], "size": [3, 6, 4], "uv": [91, 18]}
					]
				},
				{
					"name": "leg_left2",
					"parent": "leg_left",
					"pivot": [3.5, 5, -1],
					"cubes": [
						{"origin": [2.5, 1, -1], "size": [2, 4, 2], "uv": [66, 10]}
					]
				},
				{
					"name": "foot_left",
					"parent": "leg_left2",
					"pivot": [3.5, 1.5, 0.5],
					"cubes": [
						{"origin": [2, 0, -3.5], "size": [3, 2, 5], "uv": [49, 0]}
					]
				},
				{
					"name": "leg_right",
					"parent": "body",
					"pivot": [-3.5, 9, 0],
					"cubes": [
						{"origin": [-5, 5, -2], "size": [3, 6, 4], "uv": [77, 18]}
					]
				},
				{
					"name": "leg_right2",
					"parent": "leg_right",
					"pivot": [-3.5, 5, -1],
					"cubes": [
						{"origin": [-4.5, 1, -1], "size": [2, 4, 2], "uv": [76, 8]}
					]
				},
				{
					"name": "foot_right",
					"parent": "leg_right2",
					"pivot": [-3.5, 1.5, 0.5],
					"cubes": [
						{"origin": [-5, 0, -3.5], "size": [3, 2, 5], "uv": [105, 18]}
					]
				}
			]
		}
	]
}