{
	"format_version": "1.12.0",
	"minecraft:geometry": [
		{
			"description": {
				"identifier": "geometry.unknown",
				"texture_width": 128,
				"texture_height": 128,
				"visible_bounds_width": 6,
				"visible_bounds_height": 4.5,
				"visible_bounds_offset": [0, 1.75, 0]
			},
			"bones": [
				{
					"name": "trevenant",
					"pivot": [0, 0, 0]
				},
				{
					"name": "body",
					"parent": "trevenant",
					"pivot": [0, 15, 0]
				},
				{
					"name": "torso",
					"parent": "body",
					"pivot": [0, 5, 0],
					"cubes": [
						{"origin": [-3.5, 15.5, 3.5], "size": [7, 3, 0], "uv": [29, 52]},
						{"origin": [-3.5, 15.5, -3.5], "size": [7, 3, 0], "uv": [29, 45]},
						{"origin": [-3.5, 12.5, -3.5], "size": [7, 3, 7], "uv": [0, 48]},
						{"origin": [-5, 4.5, -4.5], "size": [10, 8, 9], "uv": [0, 58]},
						{"origin": [-3.5, 15.5, -3.5], "size": [0, 2, 7], "uv": [29, 41]},
						{"origin": [3.5, 15.5, -3.5], "size": [0, 2, 7], "uv": [29, 43]},
						{"origin": [-3.5, 0, 0], "size": [7, 5, 0], "pivot": [0, 5, 0], "rotation": [0, 40, 0], "uv": [14, 75]},
						{"origin": [-3.5, 0, 0], "size": [7, 5, 0], "pivot": [0, 2, 0], "rotation": [0, -40, 0], "uv": [0, 75]}
					]
				},
				{
					"name": "waist",
					"parent": "torso",
					"pivot": [0, 14, 0],
					"cubes": [
						{"origin": [-3, 15, -3], "size": [6, 6, 6], "uv": [0, 13]}
					]
				},
				{
					"name": "chest",
					"parent": "waist",
					"pivot": [0, 21, 0],
					"cubes": [
						{"origin": [-3, 21, -3], "size": [6, 6, 6], "uv": [0, 13]},
						{"origin": [-7, 27, -1.5], "size": [7, 0, 2], "pivot": [-3.5, 27, 0], "rotation": [0, 90, 70], "uv": [75, 26]},
						{"origin": [-3.5, 27, -5], "size": [7, 0, 2], "pivot": [0, 27, -3.5], "rotation": [-70, 0, 0], "uv": [78, 24]},
						{"origin": [-3.5, 21, -6], "size": [7, 0, 3], "pivot": [0, 21, -3.5], "rotation": [85, 0, 0], "uv": [101, 78]},
						{"origin": [-3.5, 21, 3], "size": [7, 0, 3], "pivot": [0, 21, 3.5], "rotation": [-85, 0, 0], "uv": [99, 71]},
						{"origin": [-7, 21, -2.5], "size": [7, 0, 3], "pivot": [-3.5, 21, 0], "rotation": [0, 90, -85], "uv": [98, 70]},
						{"origin": [0, 21, -2.5], "size": [7, 0, 3], "pivot": [3.5, 21, 0], "rotation": [0, -90, 85], "uv": [101, 78]},
						{"origin": [0, 27, -1.5], "size": [7, 0, 2], "pivot": [3.5, 27, 0], "rotation": [0, -90, -70], "uv": [73, 24]},
						{"origin": [-3.5, 27, 2], "size": [7, 0, 2], "pivot": [0, 27, 3.5], "rotation": [-110, 0, 0], "uv": [78, 30]}
					]
				},
				{
					"name": "right_arm",
					"parent": "chest",
					"pivot": [-3.5, 25, 0],
					"cubes": [
						{"origin": [-6.5, 24, -1], "size": [4, 2, 2], "uv": [23, 27]}
					]
				},
				{
					"name": "right_arm_log",
					"parent": "right_arm",
					"pivot": [-7.5, 25, 0],
					"cubes": [
						{"origin": [-6.5, 23.5, -1.5], "size": [1, 3, 0], "uv": [91, 31]},
						{"origin": [-9.5, 23.5, -1.5], "size": [1, 3, 0], "uv": [83, 28]},
						{"origin": [-9.5, 26.5, -1.5], "size": [1, 0, 3], "uv": [81, 26]},
						{"origin": [-6.5, 26.5, -1.5], "size": [1, 0, 3], "uv": [76, 29]},
						{"origin": [-9.5, 23.5, 1.5], "size": [1, 3, 0], "uv": [91, 29]},
						{"origin": [-6.5, 23.5, 1.5], "size": [1, 3, 0], "uv": [69, 35]},
						{"origin": [-6.5, 23.5, -1.5], "size": [1, 0, 3], "uv": [71, 34]},
						{"origin": [-9.5, 23.5, -1.5], "size": [1, 0, 3], "uv": [76, 34]},
						{"origin": [-8.5, 24, -1], "size": [2, 2, 2], "uv": [23, 27]}
					]
				},
				{
					"name": "right_arm_leaf",
					"parent": "right_arm_log",
					"pivot": [-7.5, 26.5, 0],
					"cubes": [
						{"origin": [-8, 26.5, 0], "size": [1, 2, 0], "uv": [126, 70]}
					]
				},
				{
					"name": "right_elbow",
					"parent": "right_arm_log",
					"pivot": [-8.5, 25, 0],
					"cubes": [
						{"origin": [-13.5, 24, -1], "size": [5, 2, 2], "uv": [21, 37]}
					]
				},
				{
					"name": "right_elbow_log",
					"parent": "right_elbow",
					"pivot": [-12.5, 25, 0],
					"cubes": [
						{"origin": [-15.5, 23.5, -1.5], "size": [3, 3, 3], "uv": [48, 41]},
						{"origin": [-12.5, 23.5, -1.5], "size": [1, 3, 0], "uv": [55, 29]},
						{"origin": [-12.5, 23.5, 1.5], "size": [1, 3, 0], "uv": [55, 32]},
						{"origin": [-22.5, 23, -2], "size": [7, 4, 4], "uv": [43, 47]},
						{"origin": [-12.5, 26.5, -1.5], "size": [1, 0, 3], "uv": [54, 29]},
						{"origin": [-12.5, 23.5, -1.5], "size": [1, 0, 3], "uv": [54, 32]}
					]
				},
				{
					"name": "right_bracelet",
					"parent": "right_elbow_log",
					"pivot": [-20.5, 25, 0],
					"cubes": [
						{"origin": [-20.5, 19.5, -5.5], "size": [0, 11, 11], "pivot": [-20.5, 26, 0], "rotation": [0, 33, 0], "uv": [106, 22]},
						{"origin": [-20.5, 19.5, -5.5], "size": [0, 11, 11], "pivot": [-20.5, 26, 0], "rotation": [0, -33, 0], "uv": [106, 0]}
					]
				},
				{
					"name": "right_arm_branch",
					"parent": "right_elbow_log",
					"pivot": [-19.25, 27, 0],
					"rotation": [0, 0, -42.5],
					"cubes": [
						{"origin": [-18.75, 25, -2.5], "size": [2, 2, 4], "pivot": [-17.75, 26, 0], "rotation": [0, -90, 0], "uv": [57, 77]}
					]
				},
				{
					"name": "right_arm_branch_tip",
					"parent": "right_arm_branch",
					"pivot": [-15.5, 24.75, 0],
					"rotation": [0, 0, -162.5],
					"cubes": [
						{"origin": [-15.5, 19.75, -2.5], "size": [0, 5, 4], "pivot": [-15.5, 17.75, 0], "rotation": [0, 90, 0], "uv": [59, 68]}
					]
				},
				{
					"name": "right_hand_left",
					"parent": "right_arm_branch_tip",
					"pivot": [-17, 22.5, 0.1],
					"cubes": [
						{"origin": [-17.5, 22.5, 0], "size": [1, 2, 0], "uv": [126, 54]}
					]
				},
				{
					"name": "left_hand_right2",
					"parent": "right_arm_branch_tip",
					"pivot": [-15, 22, 0],
					"cubes": [
						{"origin": [-15.5, 20, 0], "size": [1, 2, 0], "uv": [126, 68]}
					]
				},
				{
					"name": "right_hand",
					"parent": "right_elbow_log",
					"pivot": [-22.5, 25, 0],
					"cubes": [
						{"origin": [-27.5, 23, -3], "size": [5, 4, 6], "uv": [43, 55]}
					]
				},
				{
					"name": "right_thumb",
					"parent": "right_hand",
					"pivot": [-24, 25.75, -3],
					"cubes": [
						{"origin": [-3.5, 22.75, 25.5], "size": [4, 3, 3], "pivot": [3, 15, 0], "rotation": [0, -90, 0], "uv": [43, 77]}
					]
				},
				{
					"name": "right_thumb2",
					"parent": "right_thumb",
					"pivot": [-24, 25.75, -6.5],
					"cubes": [
						{"origin": [-6.5, 21.75, 26], "size": [4, 4, 0], "pivot": [3, 15, -1], "rotation": [0, -90, 0], "uv": [43, 83]}
					]
				},
				{
					"name": "right_finger1",
					"parent": "right_hand",
					"pivot": [-27.5, 25.75, -1.75],
					"cubes": [
						{"origin": [-32, 22.75, -3.25], "size": [5, 3, 3], "uv": [43, 71]}
					]
				},
				{
					"name": "right_finger2",
					"parent": "right_finger1",
					"pivot": [-32, 25.75, -1.75],
					"cubes": [
						{"origin": [-36, 21.75, -1.75], "size": [4, 4, 0], "uv": [51, 83]}
					]
				},
				{
					"name": "right_finger3",
					"parent": "right_hand",
					"pivot": [-27.5, 25.75, 1.5],
					"cubes": [
						{"origin": [-32, 22.75, 0.25], "size": [5, 3, 3], "uv": [43, 65]}
					]
				},
				{
					"name": "right_finger4",
					"parent": "right_finger3",
					"pivot": [-32, 25.75, 1.5],
					"cubes": [
						{"origin": [-36, 21.75, 1.5], "size": [4, 4, 0], "uv": [59, 83]}
					]
				},
				{
					"name": "left_arm",
					"parent": "chest",
					"pivot": [3.5, 25, 0],
					"cubes": [
						{"origin": [2.5, 24, -1], "size": [4, 2, 2], "uv": [35, 27]}
					]
				},
				{
					"name": "left_arm_log",
					"parent": "left_arm",
					"pivot": [7.5, 25, 0],
					"cubes": [
						{"origin": [5.5, 23.5, -1.5], "size": [1, 3, 0], "uv": [83, 28]},
						{"origin": [8.5, 23.5, -1.5], "size": [1, 3, 0], "uv": [84, 31]},
						{"origin": [8.5, 26.5, -1.5], "size": [1, 0, 3], "uv": [99, 31]},
						{"origin": [5.5, 26.5, -1.5], "size": [1, 0, 3], "uv": [80, 33]},
						{"origin": [8.5, 23.5, 1.5], "size": [1, 3, 0], "uv": [90, 32]},
						{"origin": [5.5, 23.5, 1.5], "size": [1, 3, 0], "uv": [82, 34]},
						{"origin": [5.5, 23.5, -1.5], "size": [1, 0, 3], "uv": [71, 37]},
						{"origin": [8.5, 23.5, -1.5], "size": [1, 0, 3], "uv": [87, 30]},
						{"origin": [6.5, 24, -1], "size": [2, 2, 2], "uv": [35, 37]}
					]
				},
				{
					"name": "left_arm_leaf",
					"parent": "left_arm_log",
					"pivot": [7.5, 26.5, 0],
					"cubes": [
						{"origin": [7, 26.5, 0], "size": [1, 2, 0], "uv": [126, 56]}
					]
				},
				{
					"name": "left_elbow",
					"parent": "left_arm_log",
					"pivot": [8.5, 25, 0],
					"cubes": [
						{"origin": [8.5, 24, -1], "size": [5, 2, 2], "uv": [35, 37]}
					]
				},
				{
					"name": "left_elbow_log",
					"parent": "left_elbow",
					"pivot": [12.5, 25, 0],
					"cubes": [
						{"origin": [12.5, 23.5, -1.5], "size": [3, 3, 3], "uv": [73, 41]},
						{"origin": [11.5, 23.5, -1.5], "size": [1, 3, 0], "uv": [59, 29]},
						{"origin": [11.5, 23.5, 1.5], "size": [1, 3, 0], "uv": [59, 32]},
						{"origin": [15.5, 23, -2], "size": [7, 4, 4], "uv": [68, 47]},
						{"origin": [11.5, 26.5, -1.5], "size": [1, 0, 3], "uv": [58, 29]},
						{"origin": [11.5, 23.5, -1.5], "size": [1, 0, 3], "uv": [58, 32]}
					]
				},
				{
					"name": "left_bracelet",
					"parent": "left_elbow_log",
					"pivot": [20.5, 25, 0],
					"cubes": [
						{"origin": [20.5, 19.5, -5.5], "size": [0, 11, 11], "pivot": [20.5, 26, 0], "rotation": [0, -33, 0], "uv": [106, 11]},
						{"origin": [20.5, 19.5, -5.5], "size": [0, 11, 11], "pivot": [20.5, 26, 0], "rotation": [0, 33, 0], "uv": [106, -11]}
					]
				},
				{
					"name": "left_arm_branch",
					"parent": "left_elbow_log",
					"pivot": [19.25, 27, 0],
					"rotation": [0, 0, 42.5],
					"cubes": [
						{"origin": [16.75, 25, -2.5], "size": [2, 2, 4], "pivot": [17.75, 26, 0], "rotation": [0, 90, 0], "uv": [83, 77]}
					]
				},
				{
					"name": "left_arm_branch_tip",
					"parent": "left_arm_branch",
					"pivot": [15.5, 24.75, 0],
					"rotation": [0, 0, 162.5],
					"cubes": [
						{"origin": [15.5, 19.75, -2.5], "size": [0, 5, 4], "pivot": [15.5, 17.75, 0], "rotation": [0, -90, 0], "uv": [85, 68]}
					]
				},
				{
					"name": "left_hand_left",
					"parent": "left_arm_branch_tip",
					"pivot": [17, 22.5, 0.1],
					"cubes": [
						{"origin": [16.5, 22.5, 0], "size": [1, 2, 0], "uv": [126, 52]}
					]
				},
				{
					"name": "left_hand_left2",
					"parent": "left_arm_branch_tip",
					"pivot": [15, 22, 0],
					"cubes": [
						{"origin": [14.5, 20, 0], "size": [1, 2, 0], "uv": [126, 66]}
					]
				},
				{
					"name": "left_hand",
					"parent": "left_elbow_log",
					"pivot": [22.5, 25, 0],
					"cubes": [
						{"origin": [22.5, 23, -3], "size": [5, 4, 6], "uv": [69, 55]}
					]
				},
				{
					"name": "left_thumb",
					"parent": "left_hand",
					"pivot": [24, 25.75, -3],
					"cubes": [
						{"origin": [-0.5, 22.75, 25.5], "size": [4, 3, 3], "pivot": [-3, 15, 0], "rotation": [0, 90, 0], "uv": [69, 77]}
					]
				},
				{
					"name": "left_thumb2",
					"parent": "left_thumb",
					"pivot": [24, 25.75, -6.5],
					"cubes": [
						{"origin": [2.5, 21.75, 26], "size": [4, 4, 0], "pivot": [-3, 15, -1], "rotation": [0, 90, 0], "uv": [69, 83]}
					]
				},
				{
					"name": "left_finger1",
					"parent": "left_hand",
					"pivot": [27.5, 25.75, -1.75],
					"cubes": [
						{"origin": [27, 22.75, -3.25], "size": [5, 3, 3], "uv": [69, 71]}
					]
				},
				{
					"name": "left_finger2",
					"parent": "left_finger1",
					"pivot": [32, 25.75, -1.75],
					"cubes": [
						{"origin": [32, 21.75, -1.75], "size": [4, 4, 0], "uv": [77, 83]}
					]
				},
				{
					"name": "left_finger3",
					"parent": "left_hand",
					"pivot": [27.5, 25.75, 1.5],
					"cubes": [
						{"origin": [27, 22.75, 0.25], "size": [5, 3, 3], "uv": [69, 65]}
					]
				},
				{
					"name": "left_finger4",
					"parent": "left_finger3",
					"pivot": [32, 25.75, 1.5],
					"cubes": [
						{"origin": [32, 21.75, 1.5], "size": [4, 4, 0], "uv": [85, 83]}
					]
				},
				{
					"name": "neck",
					"parent": "chest",
					"pivot": [0, 27, 0],
					"cubes": [
						{"origin": [-2.5, 27, -2.5], "size": [5, 5, 5], "uv": [0, 25]}
					]
				},
				{
					"name": "head",
					"parent": "neck",
					"pivot": [0, 32.5, 0],
					"cubes": [
						{"origin": [-3, 31.5, -3], "size": [6, 6, 6], "uv": [0, 13]}
					]
				},
				{
					"name": "eye",
					"parent": "head",
					"pivot": [0, 32.5, 0],
					"cubes": [
						{"origin": [-2.5, 32.5, -3], "size": [5, 4, 0], "uv": [71, 24]},
						{"origin": [-0.5, 32.5, -3], "size": [1, 1, 0], "uv": [84, 25]},
						{"origin": [-2.5, 35, -3], "size": [5, 2, 0], "uv": [77, 22]}
					]
				},
				{
					"name": "eye_open",
					"parent": "eye",
					"pivot": [0, 32.5, 0],
					"cubes": [
						{"origin": [-0.5, 33.75, -3.06], "size": [1, 1, 0], "uv": [25, 4]},
						{"origin": [-1, 33.25, -3.05], "size": [2, 2, 0], "uv": [27, 2]}
					]
				},
				{
					"name": "eye_closed",
					"parent": "eye",
					"pivot": [0, 32.5, 0.1],
					"cubes": [
						{"origin": [-0.5, 33.75, -3.055], "size": [1, 1, 0], "uv": [23, 4]},
						{"origin": [-1, 34.75, -3.04], "size": [2, 1, 0], "uv": [23, 5]},
						{"origin": [-1, 33.25, -3.05], "size": [2, 2, 0], "uv": [23, 2]}
					]
				},
				{
					"name": "teeth",
					"parent": "head",
					"pivot": [0, 32.5, 0],
					"cubes": [
						{"origin": [-4, 31.5, -5], "size": [8, 0, 2], "pivot": [0, 31.5, -3.5], "rotation": [70, 0, 0], "uv": [100, 65]},
						{"origin": [2.5, 31.5, -5], "size": [1, 0, 2], "inflate": 0.01, "pivot": [-0.5, 31.5, -3.5], "rotation": [70, 0, 0], "uv": [94, 38]},
						{"origin": [-3.5, 31.5, -5], "size": [1, 0, 2], "inflate": 0.01, "pivot": [-6.5, 31.5, -3.5], "rotation": [70, 0, 0], "uv": [80, 31]},
						{"origin": [-0.5, 31.5, -5], "size": [1, 0, 1], "pivot": [-3.5, 31.5, -3.5], "rotation": [70, 0, 0], "uv": [81, 26]},
						{"origin": [-4, 31.5, 2], "size": [8, 0, 2], "pivot": [0, 31.5, 3.5], "rotation": [110, 0, 0], "uv": [83, 30]},
						{"origin": [2.5, 31.5, 2], "size": [1, 0, 2], "inflate": 0.01, "pivot": [-0.5, 31.5, 3.5], "rotation": [110, 0, 0], "uv": [86, 25]},
						{"origin": [-3.5, 31.5, 2], "size": [1, 0, 2], "inflate": 0.01, "pivot": [-6.5, 31.5, 3.5], "rotation": [110, 0, 0], "uv": [87, 30]},
						{"origin": [-0.5, 31.5, 2], "size": [1, 0, 1], "pivot": [-3.5, 31.5, 3.5], "rotation": [110, 0, 0], "uv": [92, 34]},
						{"origin": [-7.5, 31.5, -1.5], "size": [7, 0, 2], "pivot": [-4, 31.5, 0], "rotation": [0, 90, -70], "uv": [82, 32]},
						{"origin": [0.5, 31.5, -1.5], "size": [7, 0, 2], "pivot": [4, 31.5, 0], "rotation": [0, -90, 70], "uv": [92, 53]}
					]
				},
				{
					"name": "front_branch",
					"parent": "head",
					"pivot": [0, 36.5, -3.5],
					"rotation": [-25, 0, 0],
					"cubes": [
						{"origin": [-1, 35.75, -6.5], "size": [2, 2, 4], "uv": [75, 17]}
					]
				},
				{
					"name": "front_banch_bend",
					"parent": "front_branch",
					"pivot": [0, 36.75, -5.5],
					"rotation": [-90, 0, 0],
					"cubes": [
						{"origin": [-0.5, 34.75, -8.5], "size": [1, 2, 3], "uv": [75, 23]}
					]
				},
				{
					"name": "front_branch_tip",
					"parent": "front_banch_bend",
					"pivot": [0, 35.75, -7.25],
					"rotation": [-10, 0, 0],
					"cubes": [
						{"origin": [0, 30.75, -11], "size": [0, 5, 4], "uv": [75, 24]}
					]
				},
				{
					"name": "right_branch",
					"parent": "head",
					"pivot": [-4, 36.3, 0],
					"rotation": [0, 0, 5],
					"cubes": [
						{"origin": [-8.75, 34.5, -1.5], "size": [5, 3, 3], "uv": [72, 24]}
					]
				},
				{
					"name": "right_branch_bend",
					"parent": "right_branch",
					"pivot": [-8.5, 35.5, 0],
					"rotation": [0, 0, 7.5],
					"cubes": [
						{"origin": [-10.5, 35.5, -1], "size": [2, 6, 2], "uv": [82, 28]}
					]
				},
				{
					"name": "right_branch_bend_leaf",
					"parent": "right_branch_bend",
					"pivot": [-8.5, 40, -1],
					"cubes": [
						{"origin": [-9, 40, -1], "size": [1, 2, 0], "uv": [114, 69]}
					]
				},
				{
					"name": "right_branch_tip",
					"parent": "right_branch_bend",
					"pivot": [-9.75, 41.25, 0],
					"rotation": [0, 0, 7.5],
					"cubes": [
						{"origin": [-13.75, 40.25, 0], "size": [4, 4, 0], "uv": [83, 30]}
					]
				},
				{
					"name": "right_branch_tip_left_leaf",
					"parent": "right_branch_tip",
					"pivot": [-10.75, 42.25, 0],
					"cubes": [
						{"origin": [-11.25, 42.25, 0], "size": [1, 2, 0], "uv": [126, 75]}
					]
				},
				{
					"name": "right_branch_tip_bottom_leaf",
					"parent": "right_branch_tip",
					"pivot": [-11.25, 40.75, 0],
					"cubes": [
						{"origin": [-11.75, 38.75, 0], "size": [1, 2, 0], "uv": [126, 73]}
					]
				},
				{
					"name": "right_branch_tip_right_leaf",
					"parent": "right_branch_tip",
					"pivot": [-12.75, 42, 0],
					"rotation": [0, 0, 90],
					"cubes": [
						{"origin": [-13.25, 40, 0], "size": [1, 2, 0], "uv": [126, 77]}
					]
				},
				{
					"name": "left_branch",
					"parent": "head",
					"pivot": [4, 36.3, 0],
					"rotation": [0, 0, -5],
					"cubes": [
						{"origin": [3.75, 34.5, -1.5], "size": [5, 3, 3], "uv": [82, 19]}
					]
				},
				{
					"name": "left_branch_bend",
					"parent": "left_branch",
					"pivot": [8.5, 35.5, 0],
					"rotation": [0, 0, -7.5],
					"cubes": [
						{"origin": [8.5, 35.5, -1], "size": [2, 6, 2], "uv": [103, 60]}
					]
				},
				{
					"name": "left_branch_bend_leaf",
					"parent": "left_branch_bend",
					"pivot": [8.5, 40, -1],
					"cubes": [
						{"origin": [8, 40, -1], "size": [1, 2, 0], "uv": [126, 77]}
					]
				},
				{
					"name": "left_branch_tip",
					"parent": "left_branch_bend",
					"pivot": [9.75, 41.25, 0],
					"rotation": [0, 0, -7.5],
					"cubes": [
						{"origin": [9.75, 40.25, 0], "size": [4, 4, 0], "uv": [104, 62]}
					]
				},
				{
					"name": "left_branch_tip_left_leaf",
					"parent": "left_branch_tip",
					"pivot": [10.75, 42.25, 0],
					"cubes": [
						{"origin": [10.25, 42.25, 0], "size": [1, 2, 0], "uv": [126, 81]}
					]
				},
				{
					"name": "left_branch_tip_bottom_leaf",
					"parent": "left_branch_tip",
					"pivot": [11.25, 40.75, 0],
					"cubes": [
						{"origin": [10.75, 38.75, 0], "size": [1, 2, 0], "uv": [126, 79]}
					]
				},
				{
					"name": "left_branch_tip_right_leaf",
					"parent": "left_branch_tip",
					"pivot": [12.75, 42, 0],
					"rotation": [0, 0, -90],
					"cubes": [
						{"origin": [12.25, 40, 0], "size": [1, 2, 0], "uv": [126, 83]}
					]
				},
				{
					"name": "head_bush",
					"parent": "head",
					"pivot": [0, 37, 0],
					"cubes": [
						{"origin": [-5.5, 36.50015, 0.03491], "size": [11, 6, 0], "pivot": [0, 38.50015, 0.03491], "rotation": [0, 41, 0], "uv": [78, 26]},
						{"origin": [-5.5, 36.50015, 0.03491], "size": [11, 6, 0], "pivot": [0, 38.50015, 0.03491], "rotation": [0, -41, 0], "uv": [94, 52]}
					]
				},
				{
					"name": "legs",
					"parent": "body",
					"pivot": [0, 15, 0]
				},
				{
					"name": "left_leg_middle",
					"parent": "legs",
					"pivot": [5, 5, 0],
					"rotation": [0, -90, 0],
					"cubes": [
						{"origin": [2.5, 3.1, -8], "size": [5, 4, 9], "uv": [66, 102]}
					]
				},
				{
					"name": "left_leg_middle_knee",
					"parent": "left_leg_middle",
					"pivot": [5, 6, -8],
					"cubes": [
						{"origin": [3.5, 3.1, -15], "size": [3, 3, 7], "uv": [94, 105]}
					]
				},
				{
					"name": "left_leg_middle_foot",
					"parent": "left_leg_middle_knee",
					"pivot": [5, 5, -15],
					"cubes": [
						{"origin": [4, 3.1, -20], "size": [2, 2, 5], "uv": [114, 108]}
					]
				},
				{
					"name": "left_leg_middle_toe",
					"parent": "left_leg_middle_foot",
					"pivot": [5, 3.5, -20],
					"cubes": [
						{"origin": [5, 3.1, -21.5], "size": [0, 1, 2], "uv": [124, 110]}
					]
				},
				{
					"name": "left_leg_front",
					"parent": "legs",
					"pivot": [3, 5, -4],
					"rotation": [0, -35, 0],
					"cubes": [
						{"origin": [0.5, 3.1, -12], "size": [5, 4, 9], "uv": [0, 102]}
					]
				},
				{
					"name": "left_leg_middle_knee3",
					"parent": "left_leg_front",
					"pivot": [3, 6, -12],
					"cubes": [
						{"origin": [1.5, 3.1, -19], "size": [3, 3, 7], "uv": [28, 105]}
					]
				},
				{
					"name": "left_leg_middle_foot3",
					"parent": "left_leg_middle_knee3",
					"pivot": [3, 5, -19],
					"cubes": [
						{"origin": [2, 3.1, -24], "size": [2, 2, 5], "uv": [48, 108]}
					]
				},
				{
					"name": "left_leg_middle_toe3",
					"parent": "left_leg_middle_foot3",
					"pivot": [3, 3.5, -24],
					"cubes": [
						{"origin": [3, 3.1, -25.5], "size": [0, 1, 2], "uv": [58, 110]}
					]
				},
				{
					"name": "left_leg_back",
					"parent": "legs",
					"pivot": [3, 5, 4],
					"rotation": [0, -145, 0],
					"cubes": [
						{"origin": [0.5, 3.1, -4], "size": [5, 4, 9], "uv": [66, 89]}
					]
				},
				{
					"name": "left_leg_middle_knee2",
					"parent": "left_leg_back",
					"pivot": [3, 6, -4],
					"cubes": [
						{"origin": [1.5, 3.1, -11], "size": [3, 3, 7], "uv": [94, 92]}
					]
				},
				{
					"name": "left_leg_middle_foot2",
					"parent": "left_leg_middle_knee2",
					"pivot": [3, 5, -11],
					"cubes": [
						{"origin": [2, 3.1, -16], "size": [2, 2, 5], "uv": [114, 95]}
					]
				},
				{
					"name": "left_leg_middle_toe2",
					"parent": "left_leg_middle_foot2",
					"pivot": [3, 3.5, -16],
					"cubes": [
						{"origin": [3, 3.1, -17.5], "size": [0, 1, 2], "uv": [124, 97]}
					]
				},
				{
					"name": "right_leg_front",
					"parent": "legs",
					"pivot": [-3, 5, -4],
					"rotation": [0, 35, 0],
					"cubes": [
						{"origin": [-5.5, 3.1, -12], "size": [5, 4, 9], "uv": [0, 115]}
					]
				},
				{
					"name": "right_leg_middle_knee3",
					"parent": "right_leg_front",
					"pivot": [-3, 6, -12],
					"cubes": [
						{"origin": [-4.5, 3.1, -19], "size": [3, 3, 7], "uv": [28, 118]}
					]
				},
				{
					"name": "right_leg_middle_foot3",
					"parent": "right_leg_middle_knee3",
					"pivot": [-3, 5, -19],
					"cubes": [
						{"origin": [-4, 3.1, -24], "size": [2, 2, 5], "uv": [48, 121]}
					]
				},
				{
					"name": "right_leg_middle_toe3",
					"parent": "right_leg_middle_foot3",
					"pivot": [-3, 3.5, -24],
					"cubes": [
						{"origin": [-3, 3.1, -25.5], "size": [0, 1, 2], "uv": [58, 123]}
					]
				},
				{
					"name": "right_leg_middle",
					"parent": "legs",
					"pivot": [-5, 5, 0],
					"rotation": [0, 90, 0],
					"cubes": [
						{"origin": [-7.5, 3.1, -8], "size": [5, 4, 9], "uv": [66, 115]}
					]
				},
				{
					"name": "right_leg_middle_knee",
					"parent": "right_leg_middle",
					"pivot": [-5, 6, -8],
					"cubes": [
						{"origin": [-6.5, 3.1, -15], "size": [3, 3, 7], "uv": [94, 118]}
					]
				},
				{
					"name": "right_leg_middle_foot",
					"parent": "right_leg_middle_knee",
					"pivot": [-5, 5, -15],
					"cubes": [
						{"origin": [-6, 3.1, -20], "size": [2, 2, 5], "uv": [114, 121]}
					]
				},
				{
					"name": "right_leg_middle_toe",
					"parent": "right_leg_middle_foot",
					"pivot": [-5, 3.5, -20],
					"cubes": [
						{"origin": [-5, 3.1, -21.5], "size": [0, 1, 2], "uv": [124, 123]}
					]
				},
				{
					"name": "right_leg_back",
					"parent": "legs",
					"pivot": [-3, 5, 4],
					"rotation": [0, 145, 0],
					"cubes": [
						{"origin": [-5.5, 3.1, -4], "size": [5, 4, 9], "uv": [0, 89]}
					]
				},
				{
					"name": "right_leg_middle_knee2",
					"parent": "right_leg_back",
					"pivot": [-3, 6, -4],
					"cubes": [
						{"origin": [-4.5, 3.1, -11], "size": [3, 3, 7], "uv": [28, 92]}
					]
				},
				{
					"name": "right_leg_middle_foot2",
					"parent": "right_leg_middle_knee2",
					"pivot": [-3, 5, -11],
					"cubes": [
						{"origin": [-4, 3.1, -16], "size": [2, 2, 5], "uv": [48, 95]}
					]
				},
				{
					"name": "right_leg_middle_toe2",
					"parent": "right_leg_middle_foot2",
					"pivot": [-3, 3.5, -16],
					"cubes": [
						{"origin": [-3, 3.1, -17.5], "size": [0, 1, 2], "uv": [58, 97]}
					]
				}
			]
		}
	]
}