{
	"format_version": "1.12.0",
	"minecraft:geometry": [
		{
			"description": {
				"identifier": "geometry.voltorb_hisui",
				"texture_width": 64,
				"texture_height": 48,
				"visible_bounds_width": 2,
				"visible_bounds_height": 2.5,
				"visible_bounds_offset": [0, 0.75, 0]
			},
			"bones": [
				{
					"name": "voltorb_hisuian",
					"pivot": [0, 0, 0]
				},
				{
					"name": "body",
					"parent": "voltorb_hisuian",
					"pivot": [0, 5.5, 0],
					"cubes": [
						{"origin": [-5, 0.5, -5], "size": [10, 10, 10], "inflate": 0.25, "uv": [0, 28]},
						{"origin": [-3.5, 5, -5.24], "size": [7, 1, 0], "uv": [12, 26]},
						{"origin": [-5, 0.5, -5], "size": [10, 10, 10], "uv": [0, 0]},
						{"origin": [-1.5, 7, -5.61], "size": [2, 2, 1], "inflate": 0.01, "uv": [0, 7]},
						{"origin": [0.25, 0.5, -5], "size": [-0.5, 10, 10], "inflate": 0.25, "pivot": [0, 0, 0], "rotation": [180, 0, -180], "uv": [46, 14]}
					]
				},
				{
					"name": "eyebrow_left",
					"parent": "body",
					"pivot": [3.25, 9.25, -5.21],
					"cubes": [
						{"origin": [1.25, 8.25, -5.71], "size": [4, 2, 1], "inflate": 0.01, "uv": [31, 0]}
					]
				},
				{
					"name": "eyebrow_right",
					"parent": "body",
					"pivot": [-3.25, 9.25, -5.21],
					"cubes": [
						{"origin": [-5.25, 8.25, -5.71], "size": [4, 2, 1], "inflate": 0.01, "uv": [0, 0]}
					]
				},
				{
					"name": "eyes",
					"parent": "body",
					"pivot": [0, 1, -1]
				},
				{
					"name": "eye_right",
					"parent": "eyes",
					"pivot": [-2.25, 6.5, -5.01],
					"cubes": [
						{"origin": [-4.75, 5.5, -5.01], "size": [4, 3, 0], "uv": [0, 28]}
					]
				},
				{
					"name": "pupil_right",
					"parent": "eye_right",
					"pivot": [-2, 7, -5.01],
					"cubes": [
						{"origin": [-2.5, 6, -5.01], "size": [1, 2, 0], "inflate": 0.01, "uv": [8, 20]}
					]
				},
				{
					"name": "eyelid_right",
					"parent": "pupil_right",
					"pivot": [-2, 7, -4.41],
					"cubes": [
						{"origin": [-3, 6, -4.92], "size": [2, 2, 1], "inflate": 0.01, "uv": [0, 21]}
					]
				},
				{
					"name": "eye_left",
					"parent": "eyes",
					"pivot": [2.25, 6.5, -5.01],
					"cubes": [
						{"origin": [0.75, 5.5, -5.01], "size": [4, 3, 0], "uv": [32, 0]}
					]
				},
				{
					"name": "pupil_left",
					"parent": "eye_left",
					"pivot": [2, 7, -5.01],
					"cubes": [
						{"origin": [1.5, 6, -5.01], "size": [1, 2, 0], "inflate": 0.01, "uv": [35, 0]}
					]
				},
				{
					"name": "eyelid_left",
					"parent": "pupil_left",
					"pivot": [2, 7, -4.41],
					"cubes": [
						{"origin": [1, 6, -4.92], "size": [2, 2, 1], "inflate": 0.01, "uv": [31, 4]}
					]
				}
			]
		}
	]
}