{
	"format_version": "1.12.0",
	"minecraft:geometry": [
		{
			"description": {
				"identifier": "geometry.voltorb",
				"texture_width": 64,
				"texture_height": 64,
				"visible_bounds_width": 2,
				"visible_bounds_height": 2.5,
				"visible_bounds_offset": [0, 0.75, 0]
			},
			"bones": [
				{
					"name": "voltorb",
					"pivot": [0, 0, 0]
				},
				{
					"name": "body",
					"parent": "voltorb",
					"pivot": [0, 5.5, 0],
					"cubes": [
						{"origin": [-5, 0.5, -5], "size": [10, 10, 10], "inflate": 0.25, "uv": [0, 20]},
						{"origin": [-5, 0.5, -5], "size": [10, 10, 10], "uv": [0, 0]},
						{"origin": [0.25, 0.5, -5], "size": [-0.5, 10, 10], "inflate": 0.25, "pivot": [0, 0, 0], "rotation": [180, 0, -180], "uv": [15, 40]}
					]
				},
				{
					"name": "eyebrow_left",
					"parent": "body",
					"pivot": [2, 7.75, -5.26],
					"rotation": [-22.5, 0, -37.5],
					"cubes": [
						{"origin": [0, 7.25, -5.76], "size": [4, 2, 1], "uv": [54, 0]}
					]
				},
				{
					"name": "eyebrow_right",
					"parent": "body",
					"pivot": [-2, 7.75, -5.26],
					"rotation": [-22.5, 0, 37.5],
					"cubes": [
						{"origin": [-4, 7.25, -5.76], "size": [4, 2, 1], "uv": [0, 0]}
					]
				},
				{
					"name": "eyes",
					"parent": "body",
					"pivot": [0, 1.5, -1.25]
				},
				{
					"name": "eye_right",
					"parent": "eyes",
					"pivot": [-2.25, 7, -5.26],
					"rotation": [0, 0, 10],
					"cubes": [
						{"origin": [-3.75, 6, -5.26], "size": [3, 2, 0], "uv": [0, 25]}
					]
				},
				{
					"name": "eyelid_right",
					"parent": "eye_right",
					"pivot": [-2.25, 7, -4.66],
					"cubes": [
						{"origin": [-3.75, 6, -5.16], "size": [3, 2, 1], "inflate": 0.01, "uv": [0, 20]}
					]
				},
				{
					"name": "eye_left",
					"parent": "eyes",
					"pivot": [2.25, 7, -5.26],
					"rotation": [0, 0, -10],
					"cubes": [
						{"origin": [0.75, 6, -5.26], "size": [3, 2, 0], "uv": [58, 0]}
					]
				},
				{
					"name": "eyelid_left",
					"parent": "eye_left",
					"pivot": [2.25, 7, -4.66],
					"cubes": [
						{"origin": [0.75, 6, -5.16], "size": [3, 2, 1], "inflate": 0.01, "uv": [56, 0]}
					]
				}
			]
		}
	]
}