{
    "implemented": true,
    "name": "Druddigon",
    "nationalPokedexNumber": 621,
    "primaryType": "dragon",
    "abilities": [
      "roughskin",
      "sheerforce",
      "h:moldbreaker"
    ],
    "drops": {
      "amount": 2,
      "entries": [
        {
          "item": "cobblemon:dragon_fang",
          "percentage": 5.0
        },
        {
          "item": "cobblemon:haban_berry",
          "percentage": 5.0
        }
      ]
    },
    "baseStats": {
      "hp": 77,
      "attack": 120,
      "defence": 90,
      "special_attack": 60,
      "special_defence": 90,
      "speed": 48
    },
    "catchRate": 45,
    "maleRatio": 0.5,
    "shoulderMountable": false,
    "baseExperienceYield": 170,
    "experienceGroup": "medium_fast",
    "eggCycles": 30,
    "eggGroups": [
      "monster",
      "dragon"
    ],
    "moves": [
      "1:leer",
      "1:scratch",
      "5:bite",
      "10:dragontail",
      "15:metalclaw",
      "18:dragonrage",
      "20:scaryface",
      "25:slash",
      "30:dragonclaw",
      "31:chipaway",
      "35:honeclaws",
      "35:revenge",
      "40:crunch",
      "40:nightslash",
      "45:ironhead",
      "49:rockclimb",
      "50:outrage",
      "55:superpower",
      "egg:crushclaw",
      "egg:feintattack",
      "egg:firefang",
      "egg:glare",
      "egg:irontail",
      "egg:metalclaw",
      "egg:nightslash",
      "egg:poisontail",
      "egg:pursuit",
      "egg:snatch",
      "egg:suckerpunch",
      "egg:thunderfang",
      "tm:aerialace",
      "tm:attract",
      "tm:bodyslam",
      "tm:bulldoze",
      "tm:chargebeam",
      "tm:confide",
      "tm:crunch",
      "tm:cut",
      "tm:darkpulse",
      "tm:dig",
      "tm:doubleteam",
      "tm:dragonclaw",
      "tm:dragonpulse",
      "tm:dragontail",
      "tm:earthquake",
      "tm:endure",
      "tm:facade",
      "tm:firefang",
      "tm:firepunch",
      "tm:flamethrower",
      "tm:flashcannon",
      "tm:fling",
      "tm:focusblast",
      "tm:frustration",
      "tm:gigaimpact",
      "tm:gunkshot",
      "tm:heatwave",
      "tm:hiddenpower",
      "tm:honeclaws",
      "tm:hyperbeam",
      "tm:incinerate",
      "tm:ironhead",
      "tm:irontail",
      "tm:megapunch",
      "tm:outrage",
      "tm:payback",
      "tm:poweruppunch",
      "tm:protect",
      "tm:raindance",
      "tm:rest",
      "tm:retaliate",
      "tm:return",
      "tm:revenge",
      "tm:roar",
      "tm:rockslide",
      "tm:rocksmash",
      "tm:rocktomb",
      "tm:round",
      "tm:scaryface",
      "tm:secretpower",
      "tm:shadowclaw",
      "tm:sleeptalk",
      "tm:sludgebomb",
      "tm:smackdown",
      "tm:snarl",
      "tm:snore",
      "tm:stealthrock",
      "tm:stompingtantrum",
      "tm:strength",
      "tm:substitute",
      "tm:sunnyday",
      "tm:superpower",
      "tm:surf",
      "tm:swagger",
      "tm:taunt",
      "tm:thunderfang",
      "tm:thunderpunch",
      "tm:torment",
      "tm:toxic",
      "tutor:aquatail",
      "tutor:bite",
      "tutor:darkpulse",
      "tutor:dracometeor",
      "tutor:dragonpulse",
      "tutor:dualwingbeat",
      "tutor:firefang",
      "tutor:firepunch",
      "tutor:gunkshot",
      "tutor:heatwave",
      "tutor:ironhead",
      "tutor:irontail",
      "tutor:lashout",
      "tutor:leer",
      "tutor:outrage",
      "tutor:scaleshot",
      "tutor:scratch",
      "tutor:shockwave",
      "tutor:sleeptalk",
      "tutor:snatch",
      "tutor:snore",
      "tutor:stealthrock",
      "tutor:stompingtantrum",
      "tutor:suckerpunch",
      "tutor:superpower",
      "tutor:thunderpunch"
    ],
    "labels": [
      "gen5"
    ],
    "pokedex": [
      "cobblemon.species.druddigon.desc"
    ],
    "evolutions": [],
    "baseScale": 1,
    "hitbox": {
        "width": 2,
        "height": 1.5,
        "fixed": false
      },
    "baseFriendship": 50,
    "evYield": {
      "hp": 0,
      "attack": 2,
      "defence": 0,
      "special_attack": 0,
      "special_defence": 0,
      "speed": 0
    },
    "height": 16,
    "weight": 1390,
    "aspects": [],
    "cannotDynamax": false
  }
  