{
  "implemented": true,
  "name": "Duosion",
  "nationalPokedexNumber": 578,
  "primaryType": "psychic",
  "abilities": ["overcoat", "magicguard", "h:regenerator"],
  "drops": {
    "amount": 3,
    "entries": [
      {
        "item": "minecraft:slime_ball",
        "quantityRange": "0-2"
      },
      {
        "item": "cobblemon:persim_berry",
        "percentage": 5
      }
    ]
  },
  "baseStats": {
    "hp": 65,
    "attack": 40,
    "defence": 50,
    "special_attack": 125,
    "special_defence": 60,
    "speed": 30
  },
  "catchRate": 100,
  "maleRatio": 0.5,
  "shoulderMountable": false,
  "baseExperienceYield": 130,
  "experienceGroup": "medium_slow",
  "eggCycles": 20,
  "eggGroups": ["amorphous"],
  "moves": [
    "1:confusion",
    "1:endeavor",
    "1:protect",
    "1:psywave",
    "1:recover",
    "1:rollout",
    "1:snatch",
    "12:psybeam",
    "14:hiddenpower",
    "16:charm",
    "20:psyshock",
    "24:lightscreen",
    "24:reflect",
    "28:allyswitch",
    "35:painsplit",
    "40:psychic",
    "46:skillswap",
    "50:healblock",
    "52:futuresight",
    "58:wonderroom",
    "tm:allyswitch",
    "tm:attract",
    "tm:calmmind",
    "tm:charm",
    "tm:confide",
    "tm:confuseray",
    "tm:doubleteam",
    "tm:dreameater",
    "tm:embargo",
    "tm:encore",
    "tm:endeavor",
    "tm:endure",
    "tm:energyball",
    "tm:expandingforce",
    "tm:explosion",
    "tm:facade",
    "tm:flash",
    "tm:flashcannon",
    "tm:frustration",
    "tm:futuresight",
    "tm:gravity",
    "tm:guardswap",
    "tm:gyroball",
    "tm:helpinghand",
    "tm:hiddenpower",
    "tm:imprison",
    "tm:infestation",
    "tm:irondefense",
    "tm:lightscreen",
    "tm:nightshade",
    "tm:painsplit",
    "tm:powerswap",
    "tm:protect",
    "tm:psybeam",
    "tm:psychic",
    "tm:psychicterrain",
    "tm:psychup",
    "tm:psyshock",
    "tm:raindance",
    "tm:reflect",
    "tm:rest",
    "tm:return",
    "tm:rockslide",
    "tm:rocktomb",
    "tm:round",
    "tm:safeguard",
    "tm:secretpower",
    "tm:shadowball",
    "tm:skillswap",
    "tm:sleeptalk",
    "tm:snore",
    "tm:storedpower",
    "tm:substitute",
    "tm:sunnyday",
    "tm:swagger",
    "tm:swift",
    "tm:telekinesis",
    "tm:terablast",
    "tm:thunder",
    "tm:thunderwave",
    "tm:toxic",
    "tm:trick",
    "tm:trickroom",
    "tm:wonderroom",
    "tm:zenheadbutt",
    "tutor:afteryou",
    "tutor:allyswitch",
    "tutor:endeavor",
    "tutor:expandingforce",
    "tutor:gravity",
    "tutor:helpinghand",
    "tutor:imprison",
    "tutor:irondefense",
    "tutor:magiccoat",
    "tutor:painsplit",
    "tutor:recover",
    "tutor:roleplay",
    "tutor:shockwave",
    "tutor:signalbeam",
    "tutor:skillswap",
    "tutor:sleeptalk",
    "tutor:snatch",
    "tutor:snore",
    "tutor:steelroller",
    "tutor:telekinesis",
    "tutor:trick",
    "tutor:wonderroom",
    "tutor:zenheadbutt"
  ],
  "labels": ["gen5"],
  "pokedex": ["cobblemon.species.duosion.desc"],
  "preEvolution": "solosis",
  "evolutions": [
    {
      "id": "duosion_reuniclus",
      "variant": "level_up",
      "result": "reuniclus",
      "consumeHeldItem": false,
      "learnableMoves": ["hammerarm"],
      "requirements": [
        {
          "variant": "level",
          "minLevel": 41
        }
      ]
    }
  ],
  "baseScale": 1,
  "hitbox": {
    "width": 1,
    "height": 1,
    "fixed": false
  },
  "baseFriendship": 50,
  "evYield": {
    "hp": 0,
    "attack": 0,
    "defence": 0,
    "special_attack": 2,
    "special_defence": 0,
    "speed": 0
  },
  "height": 6,
  "weight": 80,
  "aspects": [],
  "cannotDynamax": false
}
