{
  "implemented": true,
  "name": "Reuniclus",
  "nationalPokedexNumber": 579,
  "primaryType": "psychic",
  "abilities": ["overcoat", "magicguard", "h:regenerator"],
  "drops": {
    "amount": 4,
    "entries": [
      {
        "item": "minecraft:slime_ball",
        "quantityRange": "0-3"
      },
      {
        "item": "cobblemon:persim_berry",
        "percentage": 10
      }
    ]
  },
  "baseStats": {
    "hp": 110,
    "attack": 65,
    "defence": 75,
    "special_attack": 125,
    "special_defence": 85,
    "speed": 30
  },
  "catchRate": 50,
  "maleRatio": 0.5,
  "shoulderMountable": false,
  "baseExperienceYield": 245,
  "experienceGroup": "medium_slow",
  "eggCycles": 20,
  "eggGroups": ["amorphous"],
  "moves": [
    "1:confusion",
    "1:dizzypunch",
    "1:endeavor",
    "1:protect",
    "1:psywave",
    "1:recover",
    "1:rollout",
    "1:snatch",
    "12:psybeam",
    "14:hiddenpower",
    "16:charm",
    "20:psyshock",
    "24:lightscreen",
    "24:reflect",
    "28:allyswitch",
    "35:painsplit",
    "40:psychic",
    "48:skillswap",
    "54:healblock",
    "56:futuresight",
    "64:wonderroom",
    "tm:allyswitch",
    "tm:attract",
    "tm:bodyslam",
    "tm:calmmind",
    "tm:charm",
    "tm:confide",
    "tm:confuseray",
    "tm:doubleteam",
    "tm:drainpunch",
    "tm:dreameater",
    "tm:embargo",
    "tm:encore",
    "tm:endeavor",
    "tm:endure",
    "tm:energyball",
    "tm:expandingforce",
    "tm:explosion",
    "tm:facade",
    "tm:firepunch",
    "tm:flash",
    "tm:flashcannon",
    "tm:fling",
    "tm:focusblast",
    "tm:focuspunch",
    "tm:frustration",
    "tm:futuresight",
    "tm:gigaimpact",
    "tm:grassknot",
    "tm:gravity",
    "tm:guardswap",
    "tm:gyroball",
    "tm:helpinghand",
    "tm:hiddenpower",
    "tm:hyperbeam",
    "tm:icepunch",
    "tm:imprison",
    "tm:infestation",
    "tm:irondefense",
    "tm:knockoff",
    "tm:lightscreen",
    "tm:megapunch",
    "tm:nightshade",
    "tm:painsplit",
    "tm:powerswap",
    "tm:poweruppunch",
    "tm:protect",
    "tm:psybeam",
    "tm:psychic",
    "tm:psychicnoise",
    "tm:psychicterrain",
    "tm:psychup",
    "tm:psyshock",
    "tm:raindance",
    "tm:reflect",
    "tm:rest",
    "tm:return",
    "tm:rockslide",
    "tm:rocksmash",
    "tm:rocktomb",
    "tm:round",
    "tm:safeguard",
    "tm:secretpower",
    "tm:shadowball",
    "tm:skillswap",
    "tm:sleeptalk",
    "tm:snore",
    "tm:storedpower",
    "tm:strength",
    "tm:substitute",
    "tm:sunnyday",
    "tm:superpower",
    "tm:swagger",
    "tm:swift",
    "tm:telekinesis",
    "tm:terablast",
    "tm:thunder",
    "tm:thunderpunch",
    "tm:thunderwave",
    "tm:toxic",
    "tm:trick",
    "tm:trickroom",
    "tm:wonderroom",
    "tm:zenheadbutt",
    "tutor:afteryou",
    "tutor:allyswitch",
    "tutor:drainpunch",
    "tutor:endeavor",
    "tutor:expandingforce",
    "tutor:firepunch",
    "tutor:focuspunch",
    "tutor:gravity",
    "tutor:helpinghand",
    "tutor:icepunch",
    "tutor:irondefense",
    "tutor:knockoff",
    "tutor:laserfocus",
    "tutor:magiccoat",
    "tutor:painsplit",
    "tutor:roleplay",
    "tutor:shockwave",
    "tutor:signalbeam",
    "tutor:skillswap",
    "tutor:sleeptalk",
    "tutor:snatch",
    "tutor:snore",
    "tutor:steelroller",
    "tutor:superpower",
    "tutor:telekinesis",
    "tutor:thunderpunch",
    "tutor:trick",
    "tutor:wonderroom",
    "tutor:zenheadbutt"
  ],
  "labels": ["gen5"],
  "pokedex": ["cobblemon.species.reuniclus.desc"],
  "preEvolution": "duosion",
  "evolutions": [],
  "baseScale": 1,
  "hitbox": {
    "width": 1,
    "height": 1,
    "fixed": false
  },
  "baseFriendship": 50,
  "evYield": {
    "hp": 0,
    "attack": 0,
    "defence": 0,
    "special_attack": 3,
    "special_defence": 0,
    "speed": 0
  },
  "height": 10,
  "weight": 201,
  "aspects": [],
  "cannotDynamax": false
}
