{
    "implemented": true,
    "name": "Xurkitree",
    "nationalPokedexNumber": 796,
    "primaryType": "electric",
    "abilities": [
      "beastboost"
    ],
    "baseStats": {
      "hp": 83,
      "attack": 89,
      "defence": 71,
      "special_attack": 173,
      "special_defence": 71,
      "speed": 83
    },
    "catchRate": 45,
    "maleRatio": -1,
    "shoulderMountable": false,
    "baseExperienceYield": 285,
    "experienceGroup": "slow",
    "eggCycles": 120,
    "eggGroups": [
      "undiscovered"
    ],
    "moves": [
      "1:tailglow",
      "1:thundershock",
      "1:wrap",
      "5:charge",
      "10:thunderwave",
      "15:ingrain",
      "20:spark",
      "25:shockwave",
      "30:hypnosis",
      "31:signalbeam",
      "35:eerieimpulse",
      "40:thunderpunch",
      "45:discharge",
      "50:magnetrise",
      "55:thunderbolt",
      "60:electricterrain",
      "65:powerwhip",
      "67:iondeluge",
      "70:zapcannon",
      "tm:brutalswing",
      "tm:calmmind",
      "tm:chargebeam",
      "tm:confide",
      "tm:dazzlinggleam",
      "tm:doubleteam",
      "tm:eerieimpulse",
      "tm:electricterrain",
      "tm:electroball",
      "tm:electroweb",
      "tm:endure",
      "tm:energyball",
      "tm:facade",
      "tm:fling",
      "tm:frustration",
      "tm:gigaimpact",
      "tm:grassknot",
      "tm:hiddenpower",
      "tm:hyperbeam",
      "tm:lightscreen",
      "tm:naturepower",
      "tm:powerwhip",
      "tm:protect",
      "tm:raindance",
      "tm:reflect",
      "tm:rest",
      "tm:return",
      "tm:round",
      "tm:sleeptalk",
      "tm:snore",
      "tm:solarbeam",
      "tm:substitute",
      "tm:sunnyday",
      "tm:swagger",
      "tm:thunder",
      "tm:thunderbolt",
      "tm:thunderpunch",
      "tm:thunderwave",
      "tm:toxic",
      "tm:voltswitch",
      "tm:wildcharge",
      "tutor:bind",
      "tutor:brutalswing",
      "tutor:discharge",
      "tutor:eerieimpulse",
      "tutor:electricterrain",
      "tutor:electroweb",
      "tutor:gravity",
      "tutor:hypnosis",
      "tutor:magiccoat",
      "tutor:magnetrise",
      "tutor:powerwhip",
      "tutor:risingvoltage",
      "tutor:shockwave",
      "tutor:signalbeam",
      "tutor:snore",
      "tutor:thunderpunch"
    ],
    "labels": [
      "gen7",
      "ultra_beast"
    ],
    "pokedex": [
      "cobblemon.species.xurkitree.desc"
    ],
    "evolutions": [],
    "baseScale": 1,
    "hitbox": {
      "width": 1,
      "height": 1,
      "fixed": false
    },
    "baseFriendship": 0,
    "evYield": {
      "hp": 0,
      "attack": 0,
      "defence": 0,
      "special_attack": 3,
      "special_defence": 0,
      "speed": 0
    },
    "height": 38,
    "weight": 1000,
    "aspects": [],
    "cannotDynamax": false,
    "drops": {
      "amount": 5,
      "entries": [
        {
          "item": "cobblemon:rare_candy",
          "quantityRange": "5-10"
        },
        {
          "item": "minecraft:echo_shard",
          "quantityRange": "2-11"
        },
        {
          "item": "cobblemon:cell_battery",
          "percentage": 50.0
        },
        {
          "item": "cobblemon:ability_capsule",
          "percentage": 25.0
        },
        {
          "item": "cobblemon:ability_patch",
          "percentage": 5.0
        }
      ]
    }
  }
  